,County_of_Origin,Period,GenderDescription,AgeClassDescription,Average_BusUsers_per_Day,Avg_BusUsers_Daily_to_Lisboa,Avg_BusUsers_Daily_to_Loures,Avg_BusUsers_Daily_to_Oeiras,Avg_BusUsers_Daily_to_Almada,Avg_BusUsers_Daily_to_Amadora,Avg_BusUsers_Daily_to_Odivelas,Avg_BusUsers_Daily_to_Porto,Avg_BusUsers_Daily_to_Matosinhos,Avg_BusUsers_Daily_to_Vila nova de gaia,Avg_BusUsers_Daily_to_Gondomar,Avg_BusUsers_Daily_to_Maia,Avg_BusUsers_Daily_to_Valongo,Avg_BusUsers_Daily_to_Paredes,Avg_BusUsers_Daily_to_Santo tirso
0,Alcochete,Sep-19 to Feb-20,Female,25-34,47.734735,47.24793617246999,0.386890027175,0.057711294615,0.0,0.0,0.0,0.0,0.0,0.0,0.0,0.0,0.0,0.0,0.0
1,Alcochete,Sep-19 to Feb-20,Female,45-54,42.712664000000004,42.277080252527995,0.34618614172,0.051639610776,0.0,0.0,0.0,0.0,0.0,0.0,0.0,0.0,0.0,0.0,0.0
2,Alcochete,Sep-19 to Feb-20,Male,35-44,148.504551,146.99010158890198,1.2036293858549998,0.17954200215899999,0.0,0.0,0.0,0.0,0.0,0.0,0.0,0.0,0.0,0.0,0.0
3,Alcochete,Sep-20 to Jan-21,Female,55-64,34.201745,33.85295560449,0.277205143225,0.041349909705,0.0,0.0,0.0,0.0,0.0,0.0,0.0,0.0,0.0,0.0,0.0
4,Alcochete,Sep-20 to Jan-21,Male,35-44,157.793211,156.184035834222,1.278913975155,0.190771992099,0.0,0.0,0.0,0.0,0.0,0.0,0.0,0.0,0.0,0.0,0.0
5,Alcochete,Sep-20 to Jan-21,Male,55-64,37.446537,37.064657215673996,0.303504182385,0.045272863233,0.0,0.0,0.0,0.0,0.0,0.0,0.0,0.0,0.0,0.0,0.0
6,Almada,Sep-19 to Feb-20,Female,15-24,76.98526,76.23296003928,0.08606952068000003,0.0,0.5346626307,0.0,0.0,0.0,0.0,0.0,0.0,0.0,0.0,0.0,0.0
7,Almada,Sep-19 to Feb-20,Female,25-34,529.797711,524.6205277681081,0.5923138408980002,0.0,3.6794451028950004,0.0,0.0,0.0,0.0,0.0,0.0,0.0,0.0,0.0,0.0
8,Almada,Sep-19 to Feb-20,Female,35-44,1113.117185,1102.2398038681802,1.2444650128300003,0.0,7.730598849825,0.0,0.0,0.0,0.0,0.0,0.0,0.0,0.0,0.0,0.0
9,Almada,Sep-19 to Feb-20,Female,45-54,701.945176,695.0857677401281,0.7847747067680001,0.0,4.8750092473199995,0.0,0.0,0.0,0.0,0.0,0.0,0.0,0.0,0.0,0.0
10,Almada,Sep-19 to Feb-20,Female,55-64,1539.05817,1524.01849356276,1.7206670340600005,0.0,10.68875899065,0.0,0.0,0.0,0.0,0.0,0.0,0.0,0.0,0.0,0.0
11,Almada,Sep-19 to Feb-20,Male,15-24,1140.502352,1129.3573630162562,1.2750816295360003,0.0,7.92078883464,0.0,0.0,0.0,0.0,0.0,0.0,0.0,0.0,0.0,0.0
12,Almada,Sep-19 to Feb-20,Male,25-34,17.528597,17.357307550116005,0.019596971446000006,0.0,0.12173610616500001,0.0,0.0,0.0,0.0,0.0,0.0,0.0,0.0,0.0,0.0
13,Almada,Sep-19 to Feb-20,Male,35-44,567.133667,561.591636806076,0.6340554397060001,0.0,3.9387433173149997,0.0,0.0,0.0,0.0,0.0,0.0,0.0,0.0,0.0,0.0
14,Almada,Sep-19 to Feb-20,Male,45-54,734.437908,727.2609807630241,0.8211015811440002,0.0,5.1006712710599995,0.0,0.0,0.0,0.0,0.0,0.0,0.0,0.0,0.0,0.0
15,Almada,Sep-19 to Feb-20,Male,55-64,1153.217952,1141.948706173056,1.2892976703360004,0.0,8.009098676639999,0.0,0.0,0.0,0.0,0.0,0.0,0.0,0.0,0.0,0.0
16,Almada,Sep-19 to Feb-20,Male,65+,754.4786389999999,747.105873739692,0.8435071184020001,0.0,5.239854147855,0.0,0.0,0.0,0.0,0.0,0.0,0.0,0.0,0.0,0.0
17,Almada,Sep-20 to Jan-21,Female,15-24,184.17150900000001,182.37178501405202,0.20590374706200007,0.0,1.2790711300050002,0.0,0.0,0.0,0.0,0.0,0.0,0.0,0.0,0.0,0.0
18,Almada,Sep-20 to Jan-21,Female,25-34,405.646595,401.68261647366006,0.4535128932100001,0.0,2.8172156022749997,0.0,0.0,0.0,0.0,0.0,0.0,0.0,0.0,0.0,0.0
19,Almada,Sep-20 to Jan-21,Female,35-44,479.57425599999993,474.887856370368,0.5361640182080001,0.0,3.3306432079199992,0.0,0.0,0.0,0.0,0.0,0.0,0.0,0.0,0.0,0.0
20,Almada,Sep-20 to Jan-21,Female,45-54,321.825519,318.680640028332,0.35980093024200005,0.0,2.235078229455,0.0,0.0,0.0,0.0,0.0,0.0,0.0,0.0,0.0,0.0
21,Almada,Sep-20 to Jan-21,Female,55-64,675.965262,669.3597294597362,0.7557291629160002,0.0,4.69457874459,0.0,0.0,0.0,0.0,0.0,0.0,0.0,0.0,0.0,0.0
22,Almada,Sep-20 to Jan-21,Male,15-24,381.95058,378.21815893224004,0.4270207484400001,0.0,2.6526467781,0.0,0.0,0.0,0.0,0.0,0.0,0.0,0.0,0.0,0.0
23,Almada,Sep-20 to Jan-21,Male,25-34,497.58813899999996,492.725707705692,0.5563035394020001,0.0,3.4557496253549997,0.0,0.0,0.0,0.0,0.0,0.0,0.0,0.0,0.0,0.0
24,Almada,Sep-20 to Jan-21,Male,35-44,768.014057,760.5090236349961,0.8586397157260002,0.0,5.333857625865,0.0,0.0,0.0,0.0,0.0,0.0,0.0,0.0,0.0,0.0
25,Almada,Sep-20 to Jan-21,Male,45-54,589.356141,583.5969527901481,0.6589001656380001,0.0,4.093078399245,0.0,0.0,0.0,0.0,0.0,0.0,0.0,0.0,0.0,0.0
26,Almada,Sep-20 to Jan-21,Male,55-64,1059.492103,1049.1387461694842,1.1845121711540003,0.0,7.358172655335,0.0,0.0,0.0,0.0,0.0,0.0,0.0,0.0,0.0,0.0
27,Almada,Sep-20 to Jan-21,Male,65+,1903.3433420000001,1884.7438708619763,2.1279378563560005,0.0,13.21871951019,0.0,0.0,0.0,0.0,0.0,0.0,0.0,0.0,0.0,0.0
28,Amadora,Sep-19 to Feb-20,Female,15-24,294.194206,268.81877895567607,0.527196017152,6.937393571686001,0.0,17.383935632540002,0.302431643768,0.0,0.0,0.0,0.0,0.0,0.0,0.0,0.0
29,Amadora,Sep-19 to Feb-20,Female,25-34,1081.652817,988.3559349224821,1.938321848064,25.506455077677,0.0,63.914864956529996,1.111939095876,0.0,0.0,0.0,0.0,0.0,0.0,0.0,0.0
30,Amadora,Sep-19 to Feb-20,Female,35-44,235.83665299999998,215.49479833213803,0.42261928217600003,5.5612641143929995,0.0,13.93558782577,0.242440079284,0.0,0.0,0.0,0.0,0.0,0.0,0.0,0.0
31,Amadora,Sep-19 to Feb-20,Female,45-54,840.951323,768.4159075859582,1.5069847708160002,19.830473147663,0.0,49.691813676070005,0.864497960044,0.0,0.0,0.0,0.0,0.0,0.0,0.0,0.0
32,Amadora,Sep-19 to Feb-20,Female,55-64,1216.148092,1111.250454472632,2.179337380864,28.677988157452,0.0,71.86219075628,1.250200238576,0.0,0.0,0.0,0.0,0.0,0.0,0.0,0.0
33,Amadora,Sep-19 to Feb-20,Male,15-24,1148.427051,1049.3706241430461,2.057981275392,27.081058289631,0.0,67.86055444359,1.180583008428,0.0,0.0,0.0,0.0,0.0,0.0,0.0,0.0
34,Amadora,Sep-19 to Feb-20,Male,25-34,421.94018,385.5461517142801,0.75611680256,9.94977138458,0.0,24.932445236200003,0.43375450504,0.0,0.0,0.0,0.0,0.0,0.0,0.0,0.0
35,Amadora,Sep-19 to Feb-20,Male,35-44,137.697607,125.82063760582203,0.24675411174400003,3.247047270667,0.0,8.136551597630001,0.141553139996,0.0,0.0,0.0,0.0,0.0,0.0,0.0,0.0
36,Amadora,Sep-19 to Feb-20,Male,45-54,617.693161,564.4146550911062,1.106906144512,14.565822429541,0.0,36.49948888349,0.6349885695080001,0.0,0.0,0.0,0.0,0.0,0.0,0.0,0.0
37,Amadora,Sep-19 to Feb-20,Male,55-64,867.4819130000001,792.6581280760983,1.5545275880960003,20.456090990453003,0.0,51.25950623917001,0.8917714065640001,0.0,0.0,0.0,0.0,0.0,0.0,0.0,0.0
38,Amadora,Sep-19 to Feb-20,Male,65+,1612.851365,1473.7364833632903,2.8902296460800003,38.032648038065,0.0,95.30338715785001,1.65801120322,0.0,0.0,0.0,0.0,0.0,0.0,0.0,0.0
39,Amadora,Sep-20 to Jan-21,Female,15-24,536.005174,489.7725837218041,0.9605212718080002,12.639538008094,0.0,31.67254573166,0.551013318872,0.0,0.0,0.0,0.0,0.0,0.0,0.0,0.0
40,Amadora,Sep-20 to Jan-21,Female,25-34,408.068335,372.8708088329101,0.7312584563200001,9.622659407635,0.0,24.112757915150002,0.41949424838,0.0,0.0,0.0,0.0,0.0,0.0,0.0,0.0
41,Amadora,Sep-20 to Jan-21,Female,35-44,478.337192,437.0786958412321,0.8571802480640002,11.279669324552001,0.0,28.264944675280002,0.49173063337600004,0.0,0.0,0.0,0.0,0.0,0.0,0.0,0.0
42,Amadora,Sep-20 to Jan-21,Female,45-54,571.192813,521.9251481074981,1.023577520896,13.469297723353002,0.0,33.75178332017,0.587186211764,0.0,0.0,0.0,0.0,0.0,0.0,0.0,0.0
43,Amadora,Sep-20 to Jan-21,Female,55-64,741.072367,677.1519110567821,1.3280016816640001,17.475227486227002,0.0,43.78996616603,0.761822393276,0.0,0.0,0.0,0.0,0.0,0.0,0.0,0.0
44,Amadora,Sep-20 to Jan-21,Female,65+,72.443781,66.19521511362602,0.12981925555200002,1.7082967997610001,0.0,4.280703019290001,0.074472206868,0.0,0.0,0.0,0.0,0.0,0.0,0.0,0.0
45,Amadora,Sep-20 to Jan-21,Male,15-24,647.053324,591.2423865917041,1.159519556608,15.258164433244,0.0,38.23438091516,0.665170817072,0.0,0.0,0.0,0.0,0.0,0.0,0.0,0.0
46,Amadora,Sep-20 to Jan-21,Male,25-34,263.16688500000004,240.4676885012101,0.4715950579200001,6.205738315185001,0.0,15.550531234650004,0.27053555778000005,0.0,0.0,0.0,0.0,0.0,0.0,0.0,0.0
47,Amadora,Sep-20 to Jan-21,Male,35-44,723.5618509999999,661.1517471038461,1.296622836992,17.062312008431,0.0,42.75526977559,0.7438215828279999,0.0,0.0,0.0,0.0,0.0,0.0,0.0,0.0
48,Amadora,Sep-20 to Jan-21,Male,45-54,794.108294,725.6132772093241,1.423042062848,18.725867680814,0.0,46.923859092460006,0.816343326232,0.0,0.0,0.0,0.0,0.0,0.0,0.0,0.0
49,Amadora,Sep-20 to Jan-21,Male,55-64,658.293137,601.5127207612021,1.179661301504,15.523210463597001,0.0,38.898541465330005,0.676725344836,0.0,0.0,0.0,0.0,0.0,0.0,0.0,0.0
50,Amadora,Sep-20 to Jan-21,Male,65+,1092.59348,998.3529219760802,1.9579275161600003,25.764446851880002,0.0,64.5613487332,1.12318609744,0.0,0.0,0.0,0.0,0.0,0.0,0.0,0.0
51,Barreiro,Sep-19 to Feb-20,Female,25-34,154.14296299999998,152.148044772854,0.21133000227299997,1.1516020765729997,0.0,0.321850506744,0.0,0.0,0.0,0.0,0.0,0.0,0.0,0.0,0.0
52,Barreiro,Sep-19 to Feb-20,Female,35-44,216.209564,213.41137982271204,0.29642331224400004,1.6153016526439998,0.0,0.4514455696320001,0.0,0.0,0.0,0.0,0.0,0.0,0.0,0.0,0.0
53,Barreiro,Sep-19 to Feb-20,Female,45-54,142.916866,141.06723592022803,0.195939023286,1.067731905886,0.0,0.2984104162080001,0.0,0.0,0.0,0.0,0.0,0.0,0.0,0.0,0.0
54,Barreiro,Sep-19 to Feb-20,Female,55-64,592.69902,585.0283092831602,0.8125903564200001,4.42805437842,0.0,1.2375555537600003,0.0,0.0,0.0,0.0,0.0,0.0,0.0,0.0,0.0
55,Barreiro,Sep-19 to Feb-20,Female,65+,6863.5088989999995,6774.681366829143,9.409870700529,51.27727498442899,0.0,14.331006581112002,0.0,0.0,0.0,0.0,0.0,0.0,0.0,0.0,0.0
56,Barreiro,Sep-19 to Feb-20,Male,25-34,250.72783700000002,247.48291733354608,0.343747864527,1.873187670227,0.0,0.5235197236560002,0.0,0.0,0.0,0.0,0.0,0.0,0.0,0.0,0.0
57,Barreiro,Sep-19 to Feb-20,Male,35-44,269.762879,266.2716078199821,0.36984490710900003,2.015398469009,0.0,0.5632648913520001,0.0,0.0,0.0,0.0,0.0,0.0,0.0,0.0,0.0
58,Barreiro,Sep-19 to Feb-20,Male,45-54,159.13710700000001,157.07755456120606,0.21817697369700004,1.188913326397,0.0,0.3322782794160001,0.0,0.0,0.0,0.0,0.0,0.0,0.0,0.0,0.0
59,Barreiro,Sep-19 to Feb-20,Male,55-64,138.42494,136.63344442652001,0.18978059274,1.0341727267399998,0.0,0.28903127472000006,0.0,0.0,0.0,0.0,0.0,0.0,0.0,0.0,0.0
60,Barreiro,Sep-20 to Jan-21,Female,25-34,58.338981999999994,57.583958894956005,0.07998274432199999,0.4358505345219999,0.0,0.12181179441600001,0.0,0.0,0.0,0.0,0.0,0.0,0.0,0.0,0.0
61,Barreiro,Sep-20 to Jan-21,Female,35-44,180.985328,178.64301588502406,0.24813088468800001,1.352141385488,0.0,0.3778973648640001,0.0,0.0,0.0,0.0,0.0,0.0,0.0,0.0,0.0
62,Barreiro,Sep-20 to Jan-21,Female,45-54,61.886258999999995,61.08532703602201,0.084846061089,0.4623522409889999,0.0,0.12921850879200003,0.0,0.0,0.0,0.0,0.0,0.0,0.0,0.0,0.0
63,Barreiro,Sep-20 to Jan-21,Female,55-64,25.425953,25.096890316274006,0.034858981563,0.18995729486299998,0.0,0.05308938986400001,0.0,0.0,0.0,0.0,0.0,0.0,0.0,0.0,0.0
64,Barreiro,Sep-20 to Jan-21,Female,65+,4419.364506,4362.169090563349,6.058948737726,33.01707222432599,0.0,9.227633088528002,0.0,0.0,0.0,0.0,0.0,0.0,0.0,0.0,0.0
65,Barreiro,Sep-20 to Jan-21,Male,15-24,481.84079199999996,475.6048084699361,0.660603725832,3.5998325570319993,0.0,1.006083573696,0.0,0.0,0.0,0.0,0.0,0.0,0.0,0.0,0.0
66,Barreiro,Sep-20 to Jan-21,Male,35-44,77.071636,76.07417488688802,0.105665212956,0.575802192556,0.0,0.16092557596800003,0.0,0.0,0.0,0.0,0.0,0.0,0.0,0.0,0.0
67,Barreiro,Sep-20 to Jan-21,Male,45-54,31.283509000000002,30.87863782652201,0.042889690839,0.233719095739,0.0,0.06531996679200001,0.0,0.0,0.0,0.0,0.0,0.0,0.0,0.0,0.0
68,Barreiro,Sep-20 to Jan-21,Male,55-64,372.782113,367.9575668935541,0.511084276923,2.7850551662229996,0.0,0.7783690519440001,0.0,0.0,0.0,0.0,0.0,0.0,0.0,0.0,0.0
69,Cascais,Sep-19 to Feb-20,Female,15-24,745.379537,719.8092919832151,1.2790712854919999,14.461853776874003,0.0,7.581255270826999,0.0,1.1270138599440003,0.0,0.0,0.0,0.0,0.0,0.0,0.0
70,Cascais,Sep-19 to Feb-20,Female,25-34,919.144204,887.61296208178,1.5772514540639995,17.833235846008,0.0,9.348615698883997,0.0,1.3897460364480003,0.0,0.0,0.0,0.0,0.0,0.0,0.0
71,Cascais,Sep-19 to Feb-20,Female,35-44,816.414391,788.407295316745,1.4009670949559998,15.840072014182002,0.0,8.303750770860999,0.0,1.2344185591920003,0.0,0.0,0.0,0.0,0.0,0.0,0.0
72,Cascais,Sep-19 to Feb-20,Female,45-54,970.140963,936.8602772642852,1.6647618925079997,18.822674964126005,0.0,9.867303734672998,0.0,1.4668531360560004,0.0,0.0,0.0,0.0,0.0,0.0,0.0
73,Cascais,Sep-19 to Feb-20,Female,55-64,756.4081769999999,730.459594488015,1.2979964317319996,14.675831450154,0.0,7.693427568266998,0.0,1.143689163624,0.0,0.0,0.0,0.0,0.0,0.0,0.0
74,Cascais,Sep-19 to Feb-20,Female,65+,2017.333975,1948.1293329876253,3.461745101099999,39.14031378295,0.0,20.518303859724995,0.0,3.050208970200001,0.0,0.0,0.0,0.0,0.0,0.0,0.0
75,Cascais,Sep-19 to Feb-20,Male,15-24,4548.093582,4392.071231669491,7.804528586711999,88.24211167796402,0.0,46.25865982252199,0.0,6.8767174959840025,0.0,0.0,0.0,0.0,0.0,0.0,0.0
76,Cascais,Sep-19 to Feb-20,Male,25-34,298.292615,288.05968684242504,0.5118701273399999,5.787473316230001,0.0,3.0339341871649994,0.0,0.4510184338800001,0.0,0.0,0.0,0.0,0.0,0.0,0.0
77,Cascais,Sep-19 to Feb-20,Male,35-44,439.30142300000006,424.23118768398507,0.753841241868,8.523326209046003,0.0,4.4681347733329995,0.0,0.6642237515760002,0.0,0.0,0.0,0.0,0.0,0.0,0.0
78,Cascais,Sep-19 to Feb-20,Male,45-54,690.807533,667.1093805804351,1.1854257266279997,13.403047755266002,0.0,7.026203418142999,0.0,1.0445009898960003,0.0,0.0,0.0,0.0,0.0,0.0,0.0
79,Cascais,Sep-19 to Feb-20,Male,55-64,822.493709,794.2780623127551,1.4113992046439996,15.958022942018001,0.0,8.365583514238997,0.0,1.2436104880080001,0.0,0.0,0.0,0.0,0.0,0.0,0.0
80,Cascais,Sep-20 to Jan-21,Female,15-24,352.976908,340.86803517106,0.6057083741279998,6.848457969016001,0.0,3.590128131267999,0.0,0.5337010848960001,0.0,0.0,0.0,0.0,0.0,0.0,0.0
81,Cascais,Sep-20 to Jan-21,Female,25-34,496.35295599999995,479.32556784442,0.8517416724959997,9.630240052312,0.0,5.048405915475998,0.0,0.7504856694720001,0.0,0.0,0.0,0.0,0.0,0.0,0.0
82,Cascais,Sep-20 to Jan-21,Female,35-44,451.27913099999995,435.798000411045,0.7743949887959998,8.755717699662,0.0,4.589960041400999,0.0,0.6823340460720001,0.0,0.0,0.0,0.0,0.0,0.0,0.0
83,Cascais,Sep-20 to Jan-21,Female,45-54,670.410921,647.4124743550951,1.1504251404359997,13.007312689242003,0.0,6.818749477490999,0.0,1.0136613125520002,0.0,0.0,0.0,0.0,0.0,0.0,0.0
84,Cascais,Sep-20 to Jan-21,Female,55-64,345.732856,333.87249037492006,0.5932775808959999,6.707908872112001,0.0,3.5164488783759995,0.0,0.5227480782720002,0.0,0.0,0.0,0.0,0.0,0.0,0.0
85,Cascais,Sep-20 to Jan-21,Female,65+,1308.845537,1263.945590853215,2.2459789414919995,25.394221108874003,0.0,13.312267956826997,0.0,1.9789744519440002,0.0,0.0,0.0,0.0,0.0,0.0,0.0
86,Cascais,Sep-20 to Jan-21,Male,15-24,1253.4096029999998,1210.411386569085,2.1508508787479994,24.318653117406,0.0,12.748429072112996,0.0,1.895155319736,0.0,0.0,0.0,0.0,0.0,0.0,0.0
87,Cascais,Sep-20 to Jan-21,Male,25-34,446.840084,431.51123491838,0.7667775841439998,8.669591309768,0.0,4.544810494363999,0.0,0.6756222070080001,0.0,0.0,0.0,0.0,0.0,0.0,0.0
88,Cascais,Sep-20 to Jan-21,Male,35-44,251.980385,243.33619789257503,0.43239834065999994,4.888923429770001,0.0,2.5628924958349995,0.0,0.3809943421200001,0.0,0.0,0.0,0.0,0.0,0.0,0.0
89,Cascais,Sep-20 to Jan-21,Male,45-54,572.718581,553.0714700787951,0.9827850849959997,11.111885908562002,0.0,5.825120687350998,0.0,0.8659504944720001,0.0,0.0,0.0,0.0,0.0,0.0,0.0
90,Cascais,Sep-20 to Jan-21,Male,55-64,487.652569,470.9236476204551,0.8368118084039998,9.461435143738003,0.0,4.959914279298999,0.0,0.7373306843280002,0.0,0.0,0.0,0.0,0.0,0.0,0.0
91,Cascais,Sep-20 to Jan-21,Male,65+,54.954584,53.06936699588,0.09430206614399997,1.0662288387680001,0.0,0.5589430738639999,0.0,0.08309133100800001,0.0,0.0,0.0,0.0,0.0,0.0,0.0
92,Espinho,Sep-19 to Feb-20,Female,25-34,282.382257,6.595884759005999,0.0,0.0,0.0,0.0,0.0,241.62489631816197,8.148987172505999,25.671370983869995,0.0,0.0,0.0,0.0,0.0
93,Espinho,Sep-19 to Feb-20,Female,35-44,112.20906599999999,2.620979363628,0.0,0.0,0.0,0.0,0.0,96.01348266795598,3.2381292266279997,10.200926190059999,0.0,0.0,0.0,0.0,0.0
94,Espinho,Sep-19 to Feb-20,Male,25-34,324.282029,7.574579633382001,0.0,0.0,0.0,0.0,0.0,277.47710662631397,9.358130792882,29.480479256389998,0.0,0.0,0.0,0.0,0.0
95,Espinho,Sep-20 to Jan-21,Female,25-34,104.283311,2.435849578338,0.0,0.0,0.0,0.0,0.0,89.231683590126,3.0094077888379998,9.48039580301,0.0,0.0,0.0,0.0,0.0
96,Espinho,Sep-20 to Jan-21,Female,35-44,75.527831,1.764179076498,0.0,0.0,0.0,0.0,0.0,64.626597040446,2.179582146998,6.8662351162099995,0.0,0.0,0.0,0.0,0.0
97,Espinho,Sep-20 to Jan-21,Female,55-64,45.366934,1.059680844372,0.0,0.0,0.0,0.0,0.0,38.818942948044,1.309198981372,4.124307969939999,0.0,0.0,0.0,0.0,0.0
98,Espinho,Sep-20 to Jan-21,Male,25-34,197.786218,4.619890480044,0.0,0.0,0.0,0.0,0.0,169.238942011188,5.707714679043999,17.980745078379996,0.0,0.0,0.0,0.0,0.0
99,Gondomar,Sep-19 to Feb-20,Female,15-24,572.388784,2.093225783088,0.0,0.0,0.0,0.0,0.0,369.78605001535993,31.777308121327998,25.646451855904008,135.592034264192,4.230525502543999,3.0977680990080003,0.0,0.0
100,Gondomar,Sep-19 to Feb-20,Female,25-34,343.643229,1.256703288453,0.0,0.0,0.0,0.0,0.0,222.00727166316,19.078041144393,15.397278518574005,81.404957231352,2.539867105539,1.8597971553480004,0.0,0.0
101,Gondomar,Sep-19 to Feb-20,Female,35-44,847.476573,3.099221827461,0.0,0.0,0.0,0.0,0.0,547.50376522092,47.049356903241,37.972035329838015,200.757030424824,6.263699351043,4.586543213076001,0.0,0.0
102,Gondomar,Sep-19 to Feb-20,Female,45-54,832.964612,3.046151586084,0.0,0.0,0.0,0.0,0.0,538.12845793648,46.243696364403995,37.32181240527201,197.31932100745598,6.156441447291999,4.508004480144001,0.0,0.0
103,Gondomar,Sep-19 to Feb-20,Female,65+,66882.208463,244.58823634919102,0.0,0.0,0.0,0.0,0.0,43208.581955436515,3713.099567240371,2996.724232393179,15843.592598383144,494.32640275003297,361.9665122017561,0.0,0.0
104,Gondomar,Sep-19 to Feb-20,Male,15-24,49.269538,0.18017870046599999,0.0,0.0,0.0,0.0,0.0,31.830092329519996,2.7352969411459997,2.2075709196280004,11.671362317743998,0.3641511553579999,0.26664673965600005,0.0,0.0
105,Gondomar,Sep-19 to Feb-20,Male,25-34,882.3420279999999,3.2267247963959997,0.0,0.0,0.0,0.0,0.0,570.0282437691199,48.98498236847599,39.534216906568005,209.01623832886398,6.521389928947999,4.775235055536,0.0,0.0
106,Gondomar,Sep-19 to Feb-20,Male,35-44,342.1531,1.2512538867,0.0,0.0,0.0,0.0,0.0,221.04458872399996,18.9953136527,15.330511798600003,81.05196355279999,2.5288535620999997,1.8517325772000004,0.0,0.0
107,Gondomar,Sep-19 to Feb-20,Male,45-54,1549.7840640000002,5.667560322048001,0.0,0.0,0.0,0.0,0.0,1001.22249670656,86.039361881088,69.43962477158402,367.12524735283205,11.454454017024,8.387431354368003,0.0,0.0
108,Gondomar,Sep-19 to Feb-20,Male,55-64,3561.84035,13.02565015995,0.0,0.0,0.0,0.0,0.0,2301.091339714,197.74269071094997,159.59181872210004,843.7572368307999,26.325562026849997,19.276679974200004,0.0,0.0
109,Gondomar,Sep-19 to Feb-20,Male,65+,7947.050672,29.062364307504,0.0,0.0,0.0,0.0,0.0,5134.11261613888,441.196412157424,356.0755524096321,1882.560939588736,58.736651516752,43.00943823686401,0.0,0.0
110,Gondomar,Sep-20 to Jan-21,Female,15-24,634.479167,2.320290313719,0.0,0.0,0.0,0.0,0.0,409.89892104867994,35.224379914338996,28.428473556602007,150.30050091229597,4.689435523296999,3.4338012518040006,0.0,0.0
111,Gondomar,Sep-20 to Jan-21,Female,25-34,220.325623,0.805730803311,0.0,0.0,0.0,0.0,0.0,142.33916548291998,12.231817612091,9.871909864138003,52.192496181224,1.6284266795929998,1.1924022716760003,0.0,0.0
112,Gondomar,Sep-20 to Jan-21,Female,35-44,428.21335899999997,1.565976253863,0.0,0.0,0.0,0.0,0.0,276.64295844835993,23.773121051602995,19.186527763354004,101.43860618679199,3.1649249363689993,2.317490698908,0.0,0.0
113,Gondomar,Sep-20 to Jan-21,Female,45-54,661.464687,2.418976360359,0.0,0.0,0.0,0.0,0.0,427.33264638948,36.722535028179,29.63758676572201,156.693046774056,4.888885501617,3.5798468860440007,0.0,0.0
114,Gondomar,Sep-20 to Jan-21,Female,55-64,22.087562,0.080774214234,0.0,0.0,0.0,0.0,0.0,14.269448554479998,1.2262351795539999,0.9896553029720002,5.232278387056,0.16324917074199996,0.11953788554400001,0.0,0.0
115,Gondomar,Sep-20 to Jan-21,Female,65+,34406.417961,125.824270483377,0.0,0.0,0.0,0.0,0.0,22227.92225952444,1910.141105940837,1541.6139631605663,8150.467537945367,254.29783514975097,186.20753400493203,0.0,0.0
116,Gondomar,Sep-20 to Jan-21,Male,15-24,126.654141,0.463174193637,0.0,0.0,0.0,0.0,0.0,81.82364125163998,7.0314579458969995,5.674865441646001,30.002846153207997,0.9361007561309999,0.685452211092,0.0,0.0
117,Gondomar,Sep-20 to Jan-21,Male,25-34,607.201512,2.220535929384,0.0,0.0,0.0,0.0,0.0,392.27646481247996,33.710006341703995,27.206270946672007,143.83875177465598,4.487826375191999,3.2861745829440006,0.0,0.0
118,Gondomar,Sep-20 to Jan-21,Male,35-44,163.913975,0.599433406575,0.0,0.0,0.0,0.0,0.0,105.89498440899999,9.100012150074999,7.3443295638500015,38.8292537098,1.2114881892249998,0.8871024327000001,0.0,0.0
119,Gondomar,Sep-20 to Jan-21,Male,45-54,593.235609,2.169462622113,0.0,0.0,0.0,0.0,0.0,383.25393283835996,32.934661304852995,26.580514696854006,140.530396944792,4.384604386118999,3.2105911159080005,0.0,0.0
120,Gondomar,Sep-20 to Jan-21,Male,55-64,2257.790977,8.256741602889,0.0,0.0,0.0,0.0,0.0,1458.62328278108,125.345781670109,101.16258251546203,534.843588959576,16.687333111007,12.219164767524003,0.0,0.0
121,Gondomar,Sep-20 to Jan-21,Male,65+,3504.809322,12.817087690554,0.0,0.0,0.0,0.0,0.0,2264.24701438488,194.576499129474,157.03648648153205,830.2472706699359,25.904045698901996,18.968028050664003,0.0,0.0
122,Lisboa,Sep-19 to Feb-20,Female,15-24,2622.526139,2599.201391519734,3.6636690161830003,7.159496359469999,0.0,3.8498683720520006,0.0,6.000339806032,0.0,0.0,0.0,0.0,0.0,0.0,0.0
123,Lisboa,Sep-19 to Feb-20,Female,25-34,1505.189142,1491.801989771052,2.102749231374,4.1091663576599995,0.0,2.2096176604560003,0.0,3.4438727568959995,0.0,0.0,0.0,0.0,0.0,0.0,0.0
124,Lisboa,Sep-19 to Feb-20,Female,35-44,1021.261465,1012.17836553029,1.426702266605,2.78804379945,0.0,1.4992118306200002,0.0,2.3366462319199997,0.0,0.0,0.0,0.0,0.0,0.0,0.0
125,Lisboa,Sep-19 to Feb-20,Female,45-54,1217.651233,1206.8214429336979,1.701058772501,3.32418786609,0.0,1.7875120100440003,0.0,2.7859860211039997,0.0,0.0,0.0,0.0,0.0,0.0,0.0
126,Lisboa,Sep-19 to Feb-20,Female,55-64,2407.573978,2386.1610150396677,3.363380847266,6.572676959939999,0.0,3.534318599704,0.0,5.508529261663999,0.0,0.0,0.0,0.0,0.0,0.0,0.0
127,Lisboa,Sep-19 to Feb-20,Female,65+,4955.503747,4911.429496674182,6.922838734559,13.528525229309999,0.0,7.274679500596,0.0,11.338192573135998,0.0,0.0,0.0,0.0,0.0,0.0,0.0
128,Lisboa,Sep-19 to Feb-20,Male,15-24,3061.885495,3034.65308540747,4.2774540365150004,8.35894740135,0.0,4.4948479066600004,0.0,7.005594012559999,0.0,0.0,0.0,0.0,0.0,0.0,0.0
129,Lisboa,Sep-19 to Feb-20,Male,25-34,2919.594549,2893.6276750811935,4.078673584953,7.970493118769999,0.0,4.285964797932,0.0,6.680032328111999,0.0,0.0,0.0,0.0,0.0,0.0,0.0
130,Lisboa,Sep-19 to Feb-20,Male,35-44,1289.676418,1278.2060359383079,1.801677955946,3.52081662114,0.0,1.8932449816240002,0.0,2.9507796443839998,0.0,0.0,0.0,0.0,0.0,0.0,0.0
131,Lisboa,Sep-19 to Feb-20,Male,45-54,1041.699059,1032.434187569254,1.455253585423,2.84383843107,0.0,1.5292142186120001,0.0,2.383407446992,0.0,0.0,0.0,0.0,0.0,0.0,0.0
132,Lisboa,Sep-19 to Feb-20,Male,55-64,1714.973185,1699.72021349261,2.3958175394450003,4.68187679505,0.0,2.5175806355800003,0.0,3.9238586472799994,0.0,0.0,0.0,0.0,0.0,0.0,0.0
133,Lisboa,Sep-19 to Feb-20,Male,65+,4116.755354999999,4080.140932872629,5.751107230934999,11.238742119149997,0.0,6.04339686114,0.0,9.419136252239998,0.0,0.0,0.0,0.0,0.0,0.0,0.0
134,Lisboa,Sep-20 to Jan-21,Female,15-24,669.44433,663.49029212898,0.9352137290100001,1.8275830209,0.0,0.9827442764400002,0.0,1.5316886270399999,0.0,0.0,0.0,0.0,0.0,0.0,0.0
135,Lisboa,Sep-20 to Jan-21,Female,25-34,735.866683,729.321884721398,1.0280057561509999,2.00891604459,0.0,1.080252290644,0.0,1.6836629707039996,0.0,0.0,0.0,0.0,0.0,0.0,0.0
136,Lisboa,Sep-20 to Jan-21,Female,35-44,507.994453,503.47635033501797,0.709668250841,1.3868248566899999,0.0,0.7457358570040001,0.0,1.1622913084639999,0.0,0.0,0.0,0.0,0.0,0.0,0.0
137,Lisboa,Sep-20 to Jan-21,Female,45-54,783.473925,776.50570791105,1.0945130732250001,2.13888381525,0.0,1.1501397219,0.0,1.7925883403999998,0.0,0.0,0.0,0.0,0.0,0.0,0.0
138,Lisboa,Sep-20 to Jan-21,Female,55-64,1190.245303,1179.6592612751178,1.662772688291,3.2493696771899994,0.0,1.747280104804,0.0,2.7232812532639996,0.0,0.0,0.0,0.0,0.0,0.0,0.0
139,Lisboa,Sep-20 to Jan-21,Female,65+,5225.804785,5179.32647724221,7.300449284645,14.26644706305,0.0,7.671481424380001,0.0,11.956641348079998,0.0,0.0,0.0,0.0,0.0,0.0,0.0
140,Lisboa,Sep-20 to Jan-21,Male,15-24,1579.620589,1565.571443481434,2.206729962833,4.31236420797,0.0,2.3188830246520005,0.0,3.6141719076319996,0.0,0.0,0.0,0.0,0.0,0.0,0.0
141,Lisboa,Sep-20 to Jan-21,Male,25-34,890.302313,882.383964228178,1.2437523312610002,2.43052531449,0.0,1.306963795484,0.0,2.0370116921439996,0.0,0.0,0.0,0.0,0.0,0.0,0.0
142,Lisboa,Sep-20 to Jan-21,Male,35-44,1073.288753,1063.7429228308179,1.499384387941,2.93007829569,0.0,1.5755878894040003,0.0,2.4556846668639998,0.0,0.0,0.0,0.0,0.0,0.0,0.0
143,Lisboa,Sep-20 to Jan-21,Male,45-54,887.1834259999999,879.2928166091559,1.239395246122,2.4220107529799995,0.0,1.302385269368,0.0,2.0298756786879997,0.0,0.0,0.0,0.0,0.0,0.0,0.0
144,Lisboa,Sep-20 to Jan-21,Male,55-64,1019.6118220000001,1010.543394455132,1.4243977153340002,2.78354027406,0.0,1.4967901546960003,0.0,2.3328718487359996,0.0,0.0,0.0,0.0,0.0,0.0,0.0
145,Lisboa,Sep-20 to Jan-21,Male,65+,3190.436995,3162.06124836647,4.4570404820150005,8.70989299635,0.0,4.68356150866,0.0,7.299719844559999,0.0,0.0,0.0,0.0,0.0,0.0,0.0
146,Loures,Sep-19 to Feb-20,Female,15-24,2529.941678,2387.6729376793487,111.85378146773601,16.753273791716,0.0,6.365333261847999,5.330587115546002,0.0,0.0,0.0,0.0,0.0,0.0,0.0,0.0
147,Loures,Sep-19 to Feb-20,Female,25-34,866.086815,817.3832890452902,38.291430264780004,5.735226888930001,0.0,2.1790744265399997,1.8248449192050002,0.0,0.0,0.0,0.0,0.0,0.0,0.0,0.0
148,Loures,Sep-19 to Feb-20,Female,35-44,817.8347349999999,771.8446165120101,36.15810930382,5.41570161517,0.0,2.0576721932599993,1.7231777866450002,0.0,0.0,0.0,0.0,0.0,0.0,0.0,0.0
149,Loures,Sep-19 to Feb-20,Female,45-54,292.304178,275.86674485434804,12.923352317735999,1.935638266716,0.0,0.7354373118479999,0.6158849030460001,0.0,0.0,0.0,0.0,0.0,0.0,0.0,0.0
150,Loures,Sep-19 to Feb-20,Female,55-64,264.211066,249.35342091455607,11.681299649992,1.7496056790520003,0.0,0.6647550420559999,0.5566927160620001,0.0,0.0,0.0,0.0,0.0,0.0,0.0,0.0
151,Loures,Sep-19 to Feb-20,Female,65+,147.47484,139.18173984744004,6.5201576260800005,0.9765783904800001,0.0,0.37104669743999996,0.31072948788000004,0.0,0.0,0.0,0.0,0.0,0.0,0.0,0.0
152,Loures,Sep-19 to Feb-20,Male,15-24,115.77341799999999,109.26301561218801,5.118574356616,0.766651573996,0.0,0.29128591968799994,0.24393459172600002,0.0,0.0,0.0,0.0,0.0,0.0,0.0,0.0
153,Loures,Sep-19 to Feb-20,Male,25-34,117.599576,110.98648144321602,5.199312454112,0.778744392272,0.0,0.29588053321599994,0.24778230663200004,0.0,0.0,0.0,0.0,0.0,0.0,0.0,0.0
154,Loures,Sep-19 to Feb-20,Male,35-44,452.76087800000005,427.3003227865481,20.017463938136004,2.9981825341160007,0.0,1.139146369048,0.9539671699460003,0.0,0.0,0.0,0.0,0.0,0.0,0.0,0.0
155,Loures,Sep-19 to Feb-20,Male,45-54,774.207928,730.6711193768482,34.229280912736,5.126804899216,0.0,1.9479071468479998,1.6312561042960003,0.0,0.0,0.0,0.0,0.0,0.0,0.0,0.0
156,Loures,Sep-19 to Feb-20,Male,55-64,2105.541715,1987.1386821986903,93.09021030358,13.94289723673,0.0,5.297542954939999,4.436376393505,0.0,0.0,0.0,0.0,0.0,0.0,0.0,0.0
157,Loures,Sep-20 to Jan-21,Female,15-24,522.7621320000001,493.3651262691122,23.112359379984003,3.4617308381040006,0.0,1.315269524112,1.1014598121240002,0.0,0.0,0.0,0.0,0.0,0.0,0.0,0.0
158,Loures,Sep-20 to Jan-21,Female,25-34,551.1032240000001,520.1124853015842,24.365375739488005,3.6494055493280007,0.0,1.3865757115839998,1.1611744929680003,0.0,0.0,0.0,0.0,0.0,0.0,0.0,0.0
159,Loures,Sep-20 to Jan-21,Female,35-44,364.604477,344.10130884038205,16.119893137124,2.414410846694,0.0,0.9173448641319998,0.768221633039,0.0,0.0,0.0,0.0,0.0,0.0,0.0,0.0
160,Loures,Sep-20 to Jan-21,Female,45-54,337.300594,318.33283239700404,14.912733861928,2.233604533468,0.0,0.8486482945039998,0.7106923515580001,0.0,0.0,0.0,0.0,0.0,0.0,0.0,0.0
161,Loures,Sep-20 to Jan-21,Female,55-64,993.680701,937.8020604599662,43.932611152612004,6.580153602022,0.0,2.5001006437159994,2.0936852370070005,0.0,0.0,0.0,0.0,0.0,0.0,0.0,0.0
162,Loures,Sep-20 to Jan-21,Female,65+,702.814481,663.2924114754461,31.072833833972002,4.654037493182,0.0,1.7682812341959997,1.4808301114670002,0.0,0.0,0.0,0.0,0.0,0.0,0.0,0.0
163,Loures,Sep-20 to Jan-21,Male,15-24,278.755283,263.0797584157781,12.324328571996002,1.8459174840260002,0.0,0.701348292028,0.5873373812810001,0.0,0.0,0.0,0.0,0.0,0.0,0.0,0.0
164,Loures,Sep-20 to Jan-21,Male,25-34,61.714735,58.24426859201001,2.72853186382,0.40867497517,0.0,0.15527427325999996,0.130032946645,0.0,0.0,0.0,0.0,0.0,0.0,0.0,0.0
165,Loures,Sep-20 to Jan-21,Male,35-44,327.270328,308.86660837524806,14.469275741536,2.1671841120160003,0.0,0.8234121452479999,0.6895585810960001,0.0,0.0,0.0,0.0,0.0,0.0,0.0,0.0
166,Loures,Sep-20 to Jan-21,Male,45-54,837.000484,789.9325987827442,37.005465398608,5.542617205048001,0.0,2.1058932177439997,1.7635600197880004,0.0,0.0,0.0,0.0,0.0,0.0,0.0,0.0
167,Loures,Sep-20 to Jan-21,Male,55-64,900.5496449999999,849.9081362630701,39.81510090474,5.96343974919,0.0,2.2657829068199993,1.8974581020150003,0.0,0.0,0.0,0.0,0.0,0.0,0.0,0.0
168,Mafra,Sep-19 to Feb-20,Female,15-24,384.74553199999997,379.55339104566,0.4574624375480001,1.3219856479519998,0.0,2.823647459348,0.0,0.0,0.0,0.0,0.0,0.0,0.0,0.0,0.0
169,Mafra,Sep-19 to Feb-20,Female,25-34,121.57576,119.9350951188,0.14455357864000004,0.41773431136,0.0,0.89224450264,0.0,0.0,0.0,0.0,0.0,0.0,0.0,0.0,0.0
170,Mafra,Sep-19 to Feb-20,Female,35-44,1615.902979,1594.0963682983952,1.9213086420310006,5.552242635843999,0.0,11.859111962881,0.0,0.0,0.0,0.0,0.0,0.0,0.0,0.0,0.0
171,Mafra,Sep-19 to Feb-20,Female,45-54,249.05452400000001,245.69353319862003,0.2961258290360001,0.855751344464,0.0,1.827811151636,0.0,0.0,0.0,0.0,0.0,0.0,0.0,0.0,0.0
172,Mafra,Sep-19 to Feb-20,Male,15-24,116.974878,115.39630202139001,0.13908312994200006,0.401925680808,0.0,0.8584786296420001,0.0,0.0,0.0,0.0,0.0,0.0,0.0,0.0,0.0
173,Mafra,Sep-19 to Feb-20,Male,25-34,432.498117,426.66155491108503,0.5142402611130001,1.4860635300119998,0.0,3.174103680663,0.0,0.0,0.0,0.0,0.0,0.0,0.0,0.0,0.0
174,Mafra,Sep-19 to Feb-20,Male,35-44,23.104181,22.792390077405003,0.02747087120900001,0.079385965916,0.0,0.169561584359,0.0,0.0,0.0,0.0,0.0,0.0,0.0,0.0,0.0
175,Mafra,Sep-19 to Feb-20,Male,45-54,166.322924,164.07839614062001,0.19775795663600007,0.571485566864,0.0,1.220643939236,0.0,0.0,0.0,0.0,0.0,0.0,0.0,0.0,0.0
176,Mafra,Sep-19 to Feb-20,Male,55-64,273.979757,270.28240017928505,0.3257619310730001,0.941394445052,0.0,2.010737436623,0.0,0.0,0.0,0.0,0.0,0.0,0.0,0.0,0.0
177,Mafra,Sep-19 to Feb-20,Male,65+,1217.08844,1200.6638315022,1.4471181551600005,4.18191587984,0.0,8.93221206116,0.0,0.0,0.0,0.0,0.0,0.0,0.0,0.0,0.0
178,Mafra,Sep-20 to Jan-21,Female,15-24,235.614199,232.43458538449502,0.2801452826110001,0.809570387764,0.0,1.729172606461,0.0,0.0,0.0,0.0,0.0,0.0,0.0,0.0,0.0
179,Mafra,Sep-20 to Jan-21,Female,25-34,99.57816700000001,98.23435963633501,0.11839844056300004,0.34215058181200003,0.0,0.730804167613,0.0,0.0,0.0,0.0,0.0,0.0,0.0,0.0,0.0
180,Mafra,Sep-20 to Jan-21,Female,35-44,687.519859,678.241778502795,0.8174611123510003,2.362318235524,0.0,5.045708245201,0.0,0.0,0.0,0.0,0.0,0.0,0.0,0.0,0.0
181,Mafra,Sep-20 to Jan-21,Female,45-54,106.871656,105.42942300228,0.12707039898400005,0.367211010016,0.0,0.784331083384,0.0,0.0,0.0,0.0,0.0,0.0,0.0,0.0,0.0
182,Mafra,Sep-20 to Jan-21,Male,25-34,24.345274,24.01673452737,0.02894653078600001,0.083650361464,0.0,0.178669965886,0.0,0.0,0.0,0.0,0.0,0.0,0.0,0.0,0.0
183,Mafra,Sep-20 to Jan-21,Male,45-54,140.797652,138.89758768626,0.16740840822800004,0.48378073227199997,0.0,1.033313968028,0.0,0.0,0.0,0.0,0.0,0.0,0.0,0.0,0.0
184,Mafra,Sep-20 to Jan-21,Male,55-64,231.502177,228.37805512138502,0.2752560884530001,0.7954414801719999,0.0,1.6989944770029999,0.0,0.0,0.0,0.0,0.0,0.0,0.0,0.0,0.0
185,Maia,Sep-19 to Feb-20,Female,15-24,476.873417,5.212703321227001,0.0,0.0,0.0,0.0,0.0,313.565730981265,96.067580474901,0.0,3.7606237664619995,55.411260435149,2.4301469330320002,0.0,0.0
186,Maia,Sep-19 to Feb-20,Female,25-34,2126.3583710000003,23.243223353401007,0.0,0.0,0.0,0.0,0.0,1398.1763150591953,428.36127291306303,0.0,16.768462113706,247.07646363508704,10.835922258616003,0.0,0.0
187,Maia,Sep-19 to Feb-20,Female,35-44,243.40302000000003,2.660638411620001,0.0,0.0,0.0,0.0,0.0,160.04843878590003,49.03426858806,0.0,1.91947621572,28.282700714940006,1.2403817899200003,0.0,0.0
188,Maia,Sep-19 to Feb-20,Female,45-54,814.760142,8.906143112202,0.0,0.0,0.0,0.0,0.0,535.74145757139,164.13587488632598,0.0,6.425198479811999,94.672684219974,4.152017683632001,0.0,0.0
189,Maia,Sep-19 to Feb-20,Female,55-64,49.697015,0.5432380709650001,0.0,0.0,0.0,0.0,0.0,32.678023728175,10.011612762795,0.0,0.39191066028999993,5.774644051955001,0.25325598844,0.0,0.0
190,Maia,Sep-19 to Feb-20,Female,65+,1421.823252,15.541949967612002,0.0,0.0,0.0,0.0,0.0,934.91277023634,286.43055958515595,0.0,11.212498165271997,165.211596412644,7.245611292192001,0.0,0.0
191,Maia,Sep-19 to Feb-20,Male,15-24,565.3714219999999,6.180075013882,0.0,0.0,0.0,0.0,0.0,371.75715167899,113.89576907616599,0.0,4.458519033891999,65.694463122134,2.881132766512,0.0,0.0
192,Maia,Sep-19 to Feb-20,Male,35-44,1011.3293880000001,11.054841540228002,0.0,0.0,0.0,0.0,0.0,664.9945824324601,203.735339200764,0.0,7.975343553768,117.51344089743603,5.153734561248001,0.0,0.0
193,Maia,Sep-19 to Feb-20,Male,45-54,611.142998,6.680404111138001,0.0,0.0,0.0,0.0,0.0,401.85402261991004,123.11659037609401,0.0,4.819473682228,71.01298293860602,3.1143847178080004,0.0,0.0
194,Maia,Sep-19 to Feb-20,Male,55-64,2368.8643460000003,25.894056166126006,0.0,0.0,0.0,0.0,0.0,1557.6349063905702,477.21482909473804,0.0,18.680864232556,275.2549304121621,12.071732707216004,0.0,0.0
195,Maia,Sep-19 to Feb-20,Male,65+,38731.005027,423.36861595013704,0.0,0.0,0.0,0.0,0.0,25467.378700478715,7802.47715570423,0.0,305.432705642922,4500.426591122319,197.37320161759203,0.0,0.0
196,Maia,Sep-20 to Jan-21,Female,15-24,458.625209,5.013232159579,0.0,0.0,0.0,0.0,0.0,301.566713051905,92.391424228677,0.0,3.616718398173999,53.290873410173,2.3371540650640004,0.0,0.0
197,Maia,Sep-20 to Jan-21,Female,25-34,640.869203,7.005341257993001,0.0,0.0,0.0,0.0,0.0,421.400340086635,129.105023551959,0.0,5.053894534857999,74.467078780991,3.2658694584880004,0.0,0.0
198,Maia,Sep-20 to Jan-21,Female,35-44,138.791331,1.5171280391610003,0.0,0.0,0.0,0.0,0.0,91.26154574239501,27.959930003943,0.0,1.094508436266,16.127136288207,0.7072806227760001,0.0,0.0
199,Maia,Sep-20 to Jan-21,Female,45-54,1205.591396,13.178319549676003,0.0,0.0,0.0,0.0,0.0,792.73059448282,242.870003498388,0.0,9.507293748855998,140.086103441012,6.143693754016001,0.0,0.0
200,Maia,Sep-20 to Jan-21,Female,55-64,414.680964,4.532877617484001,0.0,0.0,0.0,0.0,0.0,272.67139447338,83.538724240692,0.0,3.2701740821039995,48.18468397390801,2.1132141925440004,0.0,0.0
201,Maia,Sep-20 to Jan-21,Female,65+,3087.379969,33.748150441139,0.0,0.0,0.0,0.0,0.0,2030.0912617161052,621.961956894957,0.0,24.347078435533998,358.74429025789306,15.733288322024002,0.0,0.0
202,Maia,Sep-20 to Jan-21,Male,15-24,218.028919,2.3832741135890005,0.0,0.0,0.0,0.0,0.0,143.363825543855,43.922579819306996,0.0,1.7193760552339998,25.334306301043004,1.1110753712240002,0.0,0.0
203,Maia,Sep-20 to Jan-21,Male,25-34,1502.522974,16.424078628794003,0.0,0.0,0.0,0.0,0.0,987.9764689388301,302.68776068122196,0.0,11.848896172963999,174.58866200987802,7.656857075504001,0.0,0.0
204,Maia,Sep-20 to Jan-21,Male,35-44,882.4753019999999,9.646337526162,0.0,0.0,0.0,0.0,0.0,580.26722245359,177.777297013806,0.0,6.959200231571999,102.540982666494,4.497094138992001,0.0,0.0
205,Maia,Sep-20 to Jan-21,Male,45-54,92.392382,1.009941127642,0.0,0.0,0.0,0.0,0.0,60.75214882219,18.612722531046,0.0,0.7286063244519999,10.735717611254001,0.47083157867200004,0.0,0.0
206,Maia,Sep-20 to Jan-21,Male,55-64,2148.822951,23.488783677381004,0.0,0.0,0.0,0.0,0.0,1412.9477873152953,432.886829947803,0.0,16.945617791586,249.68678043734704,10.950401758296001,0.0,0.0
207,Maia,Sep-20 to Jan-21,Male,65+,8596.305685,93.966217442735,0.0,0.0,0.0,0.0,0.0,5652.457821643325,1731.7515691603048,0.0,67.79046663190998,998.864931679945,43.80677377076,0.0,0.0
208,Matosinhos,Sep-19 to Feb-20,Female,25-34,2379.340342,5.1655478824820005,0.0,0.0,0.0,0.0,0.0,576.0073653737539,1735.952437481148,0.0,0.0,59.871341025745984,0.0,0.0,0.0
209,Matosinhos,Sep-19 to Feb-20,Female,35-44,290.60732,0.6309084917200001,0.0,0.0,0.0,0.0,0.0,70.35225427684,212.02535702808004,0.0,0.0,7.312551993159999,0.0,0.0,0.0
210,Matosinhos,Sep-19 to Feb-20,Female,45-54,3124.9369030000003,6.784238016413001,0.0,0.0,0.0,0.0,0.0,756.5066000365609,2279.9352148073826,0.0,0.0,78.63278729018899,0.0,0.0,0.0
211,Matosinhos,Sep-19 to Feb-20,Female,55-64,5938.059939,12.891528127569,0.0,0.0,0.0,0.0,0.0,1437.5271164526928,4332.372903134767,0.0,0.0,149.41940224505697,0.0,0.0,0.0
212,Matosinhos,Sep-19 to Feb-20,Male,15-24,781.2009410000001,1.6959872429110003,0.0,0.0,0.0,0.0,0.0,189.118592203867,569.9595193479541,0.0,0.0,19.657359278382998,0.0,0.0,0.0
213,Matosinhos,Sep-19 to Feb-20,Male,35-44,556.53915,1.20824649465,0.0,0.0,0.0,0.0,0.0,134.73089320604998,406.0476246051,0.0,0.0,14.004194631449996,0.0,0.0,0.0
214,Matosinhos,Sep-19 to Feb-20,Male,45-54,2313.69445,5.02303065095,0.0,0.0,0.0,0.0,0.0,560.1153483171499,1688.0575885533,0.0,0.0,58.21949344534998,0.0,0.0,0.0
215,Matosinhos,Sep-19 to Feb-20,Male,55-64,780.90493,1.6953446030300001,0.0,0.0,0.0,0.0,0.0,189.04693178890997,569.7435514984201,0.0,0.0,19.649910753589996,0.0,0.0,0.0
216,Matosinhos,Sep-20 to Jan-21,Female,15-24,352.632026,0.7655641284460001,0.0,0.0,0.0,0.0,0.0,85.36762927826199,257.278210377444,0.0,0.0,8.873279670237999,0.0,0.0,0.0
217,Matosinhos,Sep-20 to Jan-21,Female,25-34,491.32793200000003,1.0666729403720001,0.0,0.0,0.0,0.0,0.0,118.94410507408399,358.46991121960804,0.0,0.0,12.363284752915998,0.0,0.0,0.0
218,Matosinhos,Sep-20 to Jan-21,Female,35-44,582.805507,1.2652707556970002,0.0,0.0,0.0,0.0,0.0,141.089636773109,425.21140107415806,0.0,0.0,14.665134972640997,0.0,0.0,0.0
219,Matosinhos,Sep-20 to Jan-21,Female,45-54,988.858826,2.1468125112460004,0.0,0.0,0.0,0.0,0.0,239.38986660986197,721.4654662966441,0.0,0.0,24.882654638637995,0.0,0.0,0.0
220,Matosinhos,Sep-20 to Jan-21,Female,55-64,2753.474588,5.977793330548001,0.0,0.0,0.0,0.0,0.0,666.580402585156,2008.9185385572723,0.0,0.0,69.28568105784399,0.0,0.0,0.0
221,Matosinhos,Sep-20 to Jan-21,Female,65+,1561.77024,3.3906031910400003,0.0,0.0,0.0,0.0,0.0,378.08427209087995,1139.4581964825602,0.0,0.0,39.29882454911999,0.0,0.0,0.0
222,Matosinhos,Sep-20 to Jan-21,Male,15-24,285.538633,0.6199043722430001,0.0,0.0,0.0,0.0,0.0,69.125191047071,208.32727340500202,0.0,0.0,7.185008622178999,0.0,0.0,0.0
223,Matosinhos,Sep-20 to Jan-21,Male,25-34,106.34928500000001,0.23088429773500005,0.0,0.0,0.0,0.0,0.0,25.745779357794998,77.59180024029001,0.0,0.0,2.6760670584549997,0.0,0.0,0.0
224,Matosinhos,Sep-20 to Jan-21,Male,35-44,409.15058799999997,0.888265926548,0.0,0.0,0.0,0.0,0.0,99.05003839715599,298.51381410127203,0.0,0.0,10.295456245843997,0.0,0.0,0.0
225,Matosinhos,Sep-20 to Jan-21,Male,45-54,1862.092843,4.042603562153,0.0,0.0,0.0,0.0,0.0,450.78847008334094,1358.571765695742,0.0,0.0,46.85584220840899,0.0,0.0,0.0
226,Matosinhos,Sep-20 to Jan-21,Male,55-64,1901.737429,4.128671958359001,0.0,0.0,0.0,0.0,0.0,460.38590897432294,1387.4962177738262,0.0,0.0,47.85341892592699,0.0,0.0,0.0
227,Matosinhos,Sep-20 to Jan-21,Male,65+,1197.436174,2.599633933754,0.0,0.0,0.0,0.0,0.0,289.88373105513796,873.6422479333561,0.0,0.0,30.13108644636199,0.0,0.0,0.0
228,Moita,Sep-19 to Feb-20,Female,15-24,25.139772,25.00414293006001,0.0,0.0,0.03157555363200001,0.04251135445200001,0.0,0.0,0.0,0.0,0.0,0.0,0.0,0.0,0.0
229,Moita,Sep-19 to Feb-20,Female,35-44,1126.283479,1120.2071796307955,0.0,0.0,1.4146120496240002,1.9045453629890001,0.0,0.0,0.0,0.0,0.0,0.0,0.0,0.0,0.0
230,Moita,Sep-19 to Feb-20,Female,45-54,251.447252,250.0906940754601,0.0,0.0,0.315817748512,0.42519730313200005,0.0,0.0,0.0,0.0,0.0,0.0,0.0,0.0,0.0
231,Moita,Sep-19 to Feb-20,Male,15-24,411.24564,409.0269697722002,0.0,0.0,0.51652452384,0.69541637724,0.0,0.0,0.0,0.0,0.0,0.0,0.0,0.0,0.0
232,Moita,Sep-19 to Feb-20,Male,45-54,335.032273,333.2247738871651,0.0,0.0,0.420800534888,0.566539573643,0.0,0.0,0.0,0.0,0.0,0.0,0.0,0.0,0.0
233,Moita,Sep-19 to Feb-20,Male,55-64,17.028465,16.936596431325007,0.0,0.0,0.021387752040000003,0.028795134315000005,0.0,0.0,0.0,0.0,0.0,0.0,0.0,0.0,0.0
234,Moita,Sep-20 to Jan-21,Female,15-24,46.483292999999996,46.23251563426501,0.0,0.0,0.058383016008000006,0.078603248463,0.0,0.0,0.0,0.0,0.0,0.0,0.0,0.0,0.0
235,Moita,Sep-20 to Jan-21,Female,25-34,238.880918,237.5921554473901,0.0,0.0,0.30003443300800003,0.4039476323380001,0.0,0.0,0.0,0.0,0.0,0.0,0.0,0.0,0.0
236,Moita,Sep-20 to Jan-21,Female,35-44,408.35218399999997,406.1491239673201,0.0,0.0,0.5128903431040001,0.690523543144,0.0,0.0,0.0,0.0,0.0,0.0,0.0,0.0,0.0
237,Moita,Sep-20 to Jan-21,Female,45-54,216.272346,215.10555669333007,0.0,0.0,0.27163806657600004,0.36571653708600005,0.0,0.0,0.0,0.0,0.0,0.0,0.0,0.0,0.0
238,Moita,Sep-20 to Jan-21,Male,25-34,637.3605259999999,633.9219659622302,0.0,0.0,0.8005248206560001,1.077776649466,0.0,0.0,0.0,0.0,0.0,0.0,0.0,0.0,0.0
239,Moita,Sep-20 to Jan-21,Male,45-54,52.656256000000006,52.372175498880026,0.0,0.0,0.06613625753600001,0.08904172889600002,0.0,0.0,0.0,0.0,0.0,0.0,0.0,0.0,0.0
240,Moita,Sep-20 to Jan-21,Male,55-64,12.54729,12.479597370450005,0.0,0.0,0.01575939624,0.021217467390000005,0.0,0.0,0.0,0.0,0.0,0.0,0.0,0.0,0.0
241,Montijo,Sep-19 to Feb-20,Female,35-44,65.504612,64.37695010442,0.9037671317639998,0.150529598376,0.0,0.0,0.0,0.0,0.0,0.0,0.0,0.0,0.0,0.0,0.0
242,Montijo,Sep-19 to Feb-20,Female,45-54,33.591196000000004,33.01292356086001,0.463457731212,0.07719256840800001,0.0,0.0,0.0,0.0,0.0,0.0,0.0,0.0,0.0,0.0,0.0
243,Montijo,Sep-19 to Feb-20,Male,25-34,602.079344,591.7145480930401,8.306888709168,1.3835783325120001,0.0,0.0,0.0,0.0,0.0,0.0,0.0,0.0,0.0,0.0,0.0
244,Montijo,Sep-19 to Feb-20,Male,35-44,217.440708,213.69746621178004,3.0000294482759995,0.49967874698400006,0.0,0.0,0.0,0.0,0.0,0.0,0.0,0.0,0.0,0.0,0.0
245,Montijo,Sep-19 to Feb-20,Male,45-54,747.404025,734.5374647096252,10.311933332925,1.7175344494500002,0.0,0.0,0.0,0.0,0.0,0.0,0.0,0.0,0.0,0.0,0.0
246,Montijo,Sep-19 to Feb-20,Male,55-64,224.17007999999998,220.31099207280002,3.0928745937599995,0.51514284384,0.0,0.0,0.0,0.0,0.0,0.0,0.0,0.0,0.0,0.0,0.0
247,Montijo,Sep-20 to Jan-21,Female,25-34,52.056546000000004,51.16039256061001,0.7182241651619999,0.11962594270800002,0.0,0.0,0.0,0.0,0.0,0.0,0.0,0.0,0.0,0.0,0.0
248,Montijo,Sep-20 to Jan-21,Female,35-44,317.566534,312.09962611719004,4.381465469597999,0.729767895132,0.0,0.0,0.0,0.0,0.0,0.0,0.0,0.0,0.0,0.0,0.0
249,Montijo,Sep-20 to Jan-21,Female,45-54,24.223909,23.806894406565004,0.3342172724729999,0.055666542882,0.0,0.0,0.0,0.0,0.0,0.0,0.0,0.0,0.0,0.0,0.0
250,Montijo,Sep-20 to Jan-21,Male,25-34,130.896738,128.64335065533,1.8059822941859998,0.300800703924,0.0,0.0,0.0,0.0,0.0,0.0,0.0,0.0,0.0,0.0,0.0
251,Montijo,Sep-20 to Jan-21,Male,35-44,229.47138700000002,225.52103707279505,3.166016726439,0.5273252473260001,0.0,0.0,0.0,0.0,0.0,0.0,0.0,0.0,0.0,0.0,0.0
252,Montijo,Sep-20 to Jan-21,Male,45-54,550.7622809999999,541.280908332585,7.598867190956998,1.265651721738,0.0,0.0,0.0,0.0,0.0,0.0,0.0,0.0,0.0,0.0,0.0
253,Montijo,Sep-20 to Jan-21,Male,55-64,135.07161000000002,132.74635223385005,1.86358300317,0.3103945597800001,0.0,0.0,0.0,0.0,0.0,0.0,0.0,0.0,0.0,0.0,0.0
254,Montijo,Sep-20 to Jan-21,Male,65+,48.085260999999996,47.257473231885,0.6634323460169999,0.110499929778,0.0,0.0,0.0,0.0,0.0,0.0,0.0,0.0,0.0,0.0,0.0
255,Odivelas,Sep-19 to Feb-20,Female,15-24,965.790017,933.631141013934,1.1483243302130002,7.22410932716,0.0,2.2280775692190002,21.418325207009,0.0,0.0,0.0,0.0,0.0,0.0,0.0,0.0
256,Odivelas,Sep-19 to Feb-20,Female,25-34,461.72514900000004,446.35062498859804,0.5489912021610002,3.4537041145200003,0.0,1.0651999187430001,10.239678629373,0.0,0.0,0.0,0.0,0.0,0.0,0.0,0.0
257,Odivelas,Sep-19 to Feb-20,Female,35-44,653.928959,632.1544325232179,0.7775215322510001,4.891388613319999,0.0,1.508614108413,14.502182523742999,0.0,0.0,0.0,0.0,0.0,0.0,0.0,0.0
258,Odivelas,Sep-19 to Feb-20,Female,45-54,1724.795552,1667.363309709504,2.0507819113280004,12.90147072896,0.0,3.979103338464,38.250790956704,0.0,0.0,0.0,0.0,0.0,0.0,0.0,0.0
259,Odivelas,Sep-19 to Feb-20,Female,55-64,816.338215,789.1557851169299,0.9706261376350002,6.1062098482,0.0,1.883292262005,18.103932594055,0.0,0.0,0.0,0.0,0.0,0.0,0.0,0.0
260,Odivelas,Sep-19 to Feb-20,Male,25-34,1405.963201,1359.147438333102,1.6716902459890002,10.51660474348,0.0,3.243557104707,31.180045908577,0.0,0.0,0.0,0.0,0.0,0.0,0.0,0.0
261,Odivelas,Sep-19 to Feb-20,Male,35-44,1683.830909,1627.762707392118,2.0020749508010005,12.595055199319999,0.0,3.884597907063,37.342318068893,0.0,0.0,0.0,0.0,0.0,0.0,0.0,0.0
262,Odivelas,Sep-19 to Feb-20,Male,45-54,2040.400332,1972.459081745064,2.426035994748,15.262194483359998,0.0,4.707203565924,45.249958162763996,0.0,0.0,0.0,0.0,0.0,0.0,0.0,0.0
263,Odivelas,Sep-19 to Feb-20,Male,55-64,2031.494335,1963.84963663317,2.4154467643150004,15.1955776258,0.0,4.686657430845,45.052449867295,0.0,0.0,0.0,0.0,0.0,0.0,0.0,0.0
264,Odivelas,Sep-19 to Feb-20,Male,65+,5441.109493999999,5259.931430068787,6.469479188366,40.69949901511999,0.0,12.552639602658,120.66748524843798,0.0,0.0,0.0,0.0,0.0,0.0,0.0,0.0
265,Odivelas,Sep-20 to Jan-21,Female,15-24,68.708021,66.420181316742,0.08169383696900001,0.51393599708,0.0,0.158509404447,1.523737781717,0.0,0.0,0.0,0.0,0.0,0.0,0.0,0.0
266,Odivelas,Sep-20 to Jan-21,Female,25-34,399.20480699999996,385.91208533651394,0.47465451552300003,2.9860519563599994,0.0,0.9209654897489999,8.853165004839,0.0,0.0,0.0,0.0,0.0,0.0,0.0,0.0
267,Odivelas,Sep-20 to Jan-21,Female,35-44,248.894478,240.606789671556,0.29593553434200004,1.86173069544,0.0,0.574199560746,5.519732838605999,0.0,0.0,0.0,0.0,0.0,0.0,0.0,0.0
268,Odivelas,Sep-20 to Jan-21,Female,45-54,1072.0387859999998,1036.3420385037718,1.274654116554,8.018850119279998,0.0,2.4731934793019996,23.774604157121995,0.0,0.0,0.0,0.0,0.0,0.0,0.0,0.0
269,Odivelas,Sep-20 to Jan-21,Female,55-64,381.784371,369.071715014442,0.4539416171190001,2.85574709508,0.0,0.8807765438970001,8.466831995667,0.0,0.0,0.0,0.0,0.0,0.0,0.0,0.0
270,Odivelas,Sep-20 to Jan-21,Male,15-24,1161.784715,1123.0996075599298,1.3813620261350001,8.6901496682,0.0,2.680237337505,25.764899624555,0.0,0.0,0.0,0.0,0.0,0.0,0.0,0.0
271,Odivelas,Sep-20 to Jan-21,Male,25-34,562.4122639999999,543.6850604333279,0.668708181896,4.20684373472,0.0,1.297485093048,12.472616778727998,0.0,0.0,0.0,0.0,0.0,0.0,0.0,0.0
272,Odivelas,Sep-20 to Jan-21,Male,35-44,856.1377980000001,827.630121602196,1.0179478418220003,6.403910729040001,0.0,1.9751098999860002,18.986567946246,0.0,0.0,0.0,0.0,0.0,0.0,0.0,0.0
273,Odivelas,Sep-20 to Jan-21,Male,45-54,1795.937845,1736.13670663719,2.135370097705,13.4336150806,0.0,4.143228608415,39.828513588564995,0.0,0.0,0.0,0.0,0.0,0.0,0.0,0.0
274,Odivelas,Sep-20 to Jan-21,Male,55-64,1203.607999,1163.530259849298,1.4310899108110002,9.00298783252,0.0,2.7767236536930002,26.692414593823,0.0,0.0,0.0,0.0,0.0,0.0,0.0,0.0
275,Odivelas,Sep-20 to Jan-21,Male,65+,4068.7984340000003,3933.315583744668,4.837801338026001,30.43461228632,0.0,9.386717987238,90.233742870818,0.0,0.0,0.0,0.0,0.0,0.0,0.0,0.0
276,Oeiras,Sep-19 to Feb-20,Female,15-24,2068.6851070000002,1787.9500571843514,3.280934579702,258.893872455943,0.0,16.435703175115,0.0,0.0,0.0,0.0,0.0,0.0,0.0,0.0,0.0
277,Oeiras,Sep-19 to Feb-20,Female,25-34,21.863276000000003,18.896276403868004,0.034675155735999996,2.736167128124,0.0,0.17370372782,0.0,0.0,0.0,0.0,0.0,0.0,0.0,0.0,0.0
278,Oeiras,Sep-19 to Feb-20,Female,35-44,335.828948,290.25460895376403,0.532624711528,42.028657013251994,0.0,2.6681609918599998,0.0,0.0,0.0,0.0,0.0,0.0,0.0,0.0,0.0
279,Oeiras,Sep-19 to Feb-20,Female,45-54,1184.322816,1023.6019196090882,1.8783359861759998,148.21681609958398,0.0,9.409444773119999,0.0,0.0,0.0,0.0,0.0,0.0,0.0,0.0,0.0
280,Oeiras,Sep-19 to Feb-20,Female,55-64,3560.659986,3077.4535012798983,5.647206737795999,445.61303658791394,0.0,28.28944358877,0.0,0.0,0.0,0.0,0.0,0.0,0.0,0.0,0.0
281,Oeiras,Sep-19 to Feb-20,Female,65+,2264.585254,1957.2651829354222,3.5916322128439995,283.410579952846,0.0,17.99212984303,0.0,0.0,0.0,0.0,0.0,0.0,0.0,0.0,0.0
282,Oeiras,Sep-19 to Feb-20,Male,25-34,1126.0497289999998,973.236898426597,1.7859148701939995,140.92399753462095,0.0,8.946465096904998,0.0,0.0,0.0,0.0,0.0,0.0,0.0,0.0,0.0
283,Oeiras,Sep-19 to Feb-20,Male,35-44,1341.769467,1159.6819579418311,2.128046374662,167.92110702558298,0.0,10.660358415314999,0.0,0.0,0.0,0.0,0.0,0.0,0.0,0.0,0.0
284,Oeiras,Sep-19 to Feb-20,Male,45-54,695.774521,601.3530480786532,1.1034983903059998,87.07548552862899,0.0,5.527928569345,0.0,0.0,0.0,0.0,0.0,0.0,0.0,0.0,0.0
285,Oeiras,Sep-19 to Feb-20,Male,55-64,1525.267809,1318.278290444037,2.4190747450739996,190.88574102854096,0.0,12.118252742504998,0.0,0.0,0.0,0.0,0.0,0.0,0.0,0.0,0.0
286,Oeiras,Sep-19 to Feb-20,Male,65+,9574.868536,8275.49185158505,15.185741498095997,1198.2852224118637,0.0,76.07233051851999,0.0,0.0,0.0,0.0,0.0,0.0,0.0,0.0,0.0
287,Oeiras,Sep-20 to Jan-21,Female,15-24,752.878878,650.707944103254,1.1940659005079999,94.22203870282199,0.0,5.981622685709999,0.0,0.0,0.0,0.0,0.0,0.0,0.0,0.0,0.0
288,Oeiras,Sep-20 to Jan-21,Female,25-34,447.437221,386.71685804975306,0.7096354325059999,55.996320770928996,0.0,3.5548887208449997,0.0,0.0,0.0,0.0,0.0,0.0,0.0,0.0,0.0
289,Oeiras,Sep-20 to Jan-21,Female,35-44,483.736599,418.09015635950703,0.7672062460139999,60.53915162825099,0.0,3.8432872790549997,0.0,0.0,0.0,0.0,0.0,0.0,0.0,0.0,0.0
290,Oeiras,Sep-20 to Jan-21,Female,45-54,831.124275,718.3348930125751,1.3181631001499998,104.01437189197499,0.0,6.603282364875,0.0,0.0,0.0,0.0,0.0,0.0,0.0,0.0,0.0
291,Oeiras,Sep-20 to Jan-21,Female,55-64,2724.852228,2355.0707066948044,4.321615633607999,341.01253148197196,0.0,21.648950951459998,0.0,0.0,0.0,0.0,0.0,0.0,0.0,0.0,0.0
292,Oeiras,Sep-20 to Jan-21,Female,65+,4091.999075,3536.6861565289755,6.489910532949999,512.109592237175,0.0,32.510932650875,0.0,0.0,0.0,0.0,0.0,0.0,0.0,0.0,0.0
293,Oeiras,Sep-20 to Jan-21,Male,15-24,711.0680980000001,614.5711796247141,1.127754003428,88.989461396602,0.0,5.64943603861,0.0,0.0,0.0,0.0,0.0,0.0,0.0,0.0,0.0
294,Oeiras,Sep-20 to Jan-21,Male,25-34,662.7352549999999,572.797441749715,1.0510981144299998,82.94065442799499,0.0,5.265431600974999,0.0,0.0,0.0,0.0,0.0,0.0,0.0,0.0,0.0
295,Oeiras,Sep-20 to Jan-21,Male,35-44,1060.27417,916.38754321181,1.6815948336199995,132.69225210132998,0.0,8.423878280649998,0.0,0.0,0.0,0.0,0.0,0.0,0.0,0.0,0.0
296,Oeiras,Sep-20 to Jan-21,Male,45-54,412.675608,356.672639265144,0.6545035142879999,51.645939665591996,0.0,3.2787077055599996,0.0,0.0,0.0,0.0,0.0,0.0,0.0,0.0,0.0
297,Oeiras,Sep-20 to Jan-21,Male,55-64,691.536551,597.6902002734431,1.096776969886,86.545107821099,0.0,5.494257897694999,0.0,0.0,0.0,0.0,0.0,0.0,0.0,0.0,0.0
298,Oeiras,Sep-20 to Jan-21,Male,65+,6687.302831,5779.789025713483,10.606062289965998,836.9092619968188,0.0,53.13062099229499,0.0,0.0,0.0,0.0,0.0,0.0,0.0,0.0,0.0
299,Oliveira de azemis,Sep-19 to Feb-20,Female,25-34,30.49873,29.628875721669996,0.03205416523,0.0,0.0,0.0,0.0,0.34448315535,0.44613542244,0.03574451155999999,0.0,0.0,0.0,0.0,0.0
300,Oliveira de azemis,Sep-19 to Feb-20,Female,35-44,227.20500499999997,220.72489105239495,0.23879246025499998,0.0,0.0,0.0,0.0,2.566280531475,3.3235548131399995,0.2662842658599999,0.0,0.0,0.0,0.0,0.0
301,Oliveira de azemis,Sep-19 to Feb-20,Male,15-24,2532.403842,2460.177152022318,2.6615564379420005,0.0,0.0,0.0,0.0,28.603501395390005,37.044003400776006,2.967977302824,0.0,0.0,0.0,0.0,0.0
302,Oliveira de azemis,Sep-19 to Feb-20,Male,35-44,26.800140000000003,26.03577320706,0.028166947140000006,0.0,0.0,0.0,0.0,0.3027075813000001,0.39203244792,0.03140976408,0.0,0.0,0.0,0.0,0.0
303,Oliveira de azemis,Sep-20 to Jan-21,Female,35-44,86.90637,84.42771342122998,0.09133859487,0.0,0.0,0.0,0.0,0.9816074491500001,1.27126638036,0.10185426563999998,0.0,0.0,0.0,0.0,0.0
304,Oliveira de azemis,Sep-20 to Jan-21,Male,15-24,456.186621,443.17572238245896,0.47945213867100006,0.0,0.0,0.0,0.0,5.152627884195001,6.673097891988,0.534650719812,0.0,0.0,0.0,0.0,0.0
305,Oliveira de azemis,Sep-20 to Jan-21,Male,25-34,89.039966,86.500457129714,0.09358100426600001,0.0,0.0,0.0,0.0,1.0057064159700002,1.3024766226480002,0.104354840152,0.0,0.0,0.0,0.0,0.0
306,Oliveira de azemis,Sep-20 to Jan-21,Male,35-44,63.123920999999996,61.323563649158984,0.066343240971,0.0,0.0,0.0,0.0,0.712984687695,0.923376716388,0.07398123541199998,0.0,0.0,0.0,0.0,0.0
307,Palmela,Sep-19 to Feb-20,Female,25-34,28.561207,28.209589980623004,0.212609624908,0.05657975106699999,0.034073519951,0.0,0.0,0.0,0.0,0.0,0.0,0.0,0.0,0.0,0.0
308,Palmela,Sep-19 to Feb-20,Female,35-44,78.45602,77.49014793778001,0.58402661288,0.15542137561999997,0.09359803186,0.0,0.0,0.0,0.0,0.0,0.0,0.0,0.0,0.0,0.0
309,Palmela,Sep-19 to Feb-20,Female,45-54,698.5004610000001,689.9012218246291,5.199637431684001,1.3837294132409999,0.8333110499730001,0.0,0.0,0.0,0.0,0.0,0.0,0.0,0.0,0.0,0.0
310,Palmela,Sep-19 to Feb-20,Female,55-64,978.140462,966.0985747723181,7.281277599128,1.9376962552219996,1.166921571166,0.0,0.0,0.0,0.0,0.0,0.0,0.0,0.0,0.0,0.0
311,Palmela,Sep-19 to Feb-20,Female,65+,2484.0656440000002,2453.4843118567164,18.491384653936002,4.920934040764,2.9634903132920005,0.0,0.0,0.0,0.0,0.0,0.0,0.0,0.0,0.0,0.0
312,Palmela,Sep-19 to Feb-20,Male,35-44,15.544175,15.352810661575,0.1157108387,0.030793010674999993,0.018544200775,0.0,0.0,0.0,0.0,0.0,0.0,0.0,0.0,0.0,0.0
313,Palmela,Sep-19 to Feb-20,Male,45-54,170.105533,168.01136378323704,1.2662655876520001,0.33697906087299995,0.202935900869,0.0,0.0,0.0,0.0,0.0,0.0,0.0,0.0,0.0,0.0
314,Palmela,Sep-19 to Feb-20,Male,55-64,17.659149,17.441747216661003,0.131454705156,0.034982774168999996,0.021067364757,0.0,0.0,0.0,0.0,0.0,0.0,0.0,0.0,0.0,0.0
315,Palmela,Sep-20 to Jan-21,Female,15-24,88.725945,87.633639891105,0.66047593458,0.17576609704499996,0.105850052385,0.0,0.0,0.0,0.0,0.0,0.0,0.0,0.0,0.0,0.0
316,Palmela,Sep-20 to Jan-21,Female,35-44,58.125919999999994,57.41033179888,0.43268934847999996,0.11514744751999997,0.06934422256,0.0,0.0,0.0,0.0,0.0,0.0,0.0,0.0,0.0,0.0
317,Palmela,Sep-20 to Jan-21,Female,45-54,294.628607,291.00143421922303,2.193215350508,0.5836592704669998,0.351491928151,0.0,0.0,0.0,0.0,0.0,0.0,0.0,0.0,0.0,0.0
318,Palmela,Sep-20 to Jan-21,Female,55-64,779.082536,769.4912508993041,5.799490397984,1.5433625038159997,0.929445465448,0.0,0.0,0.0,0.0,0.0,0.0,0.0,0.0,0.0,0.0
319,Palmela,Sep-20 to Jan-21,Female,65+,1340.854459,1324.347199755251,9.981320592796,2.6562326832789993,1.599639369587,0.0,0.0,0.0,0.0,0.0,0.0,0.0,0.0,0.0,0.0
320,Palmela,Sep-20 to Jan-21,Male,35-44,19.304863,19.067200831607003,0.143705400172,0.038242933603,0.023030701559000003,0.0,0.0,0.0,0.0,0.0,0.0,0.0,0.0,0.0,0.0
321,Palmela,Sep-20 to Jan-21,Male,45-54,80.862133,79.86663928063702,0.601937718052,0.16018788547299997,0.09646852466900001,0.0,0.0,0.0,0.0,0.0,0.0,0.0,0.0,0.0,0.0
322,Paredes,Sep-19 to Feb-20,Female,35-44,381.711442,45.68933276163201,0.40575926284600006,0.0,0.0,2.764735974406,1.135209828508,94.225087746258,61.35133493833399,6.098221997392,45.593523189689996,59.60767707127799,59.460336454665985,2.800235138512,2.2868332490219996
323,Paredes,Sep-19 to Feb-20,Male,25-34,274.55562799999996,32.863210449088,0.291852632564,0.0,0.0,1.9886064136039998,0.8165284376719999,67.773782216172,44.128502421555986,4.386300712928,32.79429698645999,42.87433231285199,42.768353840443986,2.0141400870079997,1.6448627673479996
324,Paredes,Sep-19 to Feb-20,Male,35-44,99.506985,11.910588076560002,0.10577592505500001,0.0,0.0,0.720729092355,0.29593377339,24.563199740265002,15.993459178094998,1.5897235923600002,11.885611823325,15.538911270615,15.500501574404996,0.72998324196,0.596146347135
325,Paredes,Sep-20 to Jan-21,Female,25-34,240.28469900000002,28.761117331504007,0.2554226350370001,0.0,0.0,1.7403820748570002,0.714606694826,59.31403766345101,38.620238816173,3.8387883512240006,28.700805872055,37.522618311141,37.42986841732699,1.7627285518640001,1.439545631709
326,Paredes,Sep-20 to Jan-21,Female,35-44,224.706308,26.896446242368008,0.23886280540400004,0.0,0.0,1.6275477888440002,0.6682765599920001,55.468527423492006,36.116370765915995,3.5899079766080004,26.84004495906,35.089912350972,35.003175716083994,1.648445475488,1.346215491228
327,Paredes,Sep-20 to Jan-21,Male,35-44,60.632825,7.257506621200001,0.064452692975,0.0,0.0,0.43916355147499997,0.18032202155,14.967152218425,9.745332063774999,0.9686700122,7.242287782125,9.468361319175,9.444957048724998,0.44480240419999995,0.36325125457499996
328,Paredes,Sep-20 to Jan-21,Male,45-54,85.516088,10.235933669248002,0.09090360154400001,0.0,0.0,0.619393025384,0.254324845712,21.109560806712,13.744744275975998,1.366205021888,10.21446913116,13.354106785991998,13.321097576023996,0.6273460215679999,0.5123268832079999
329,Porto,Sep-19 to Feb-20,Female,15-24,341.998863,0.8078013144060001,0.0,0.0,0.0,0.0,0.0,303.991161359358,31.957741754171998,2.7770307675599986,0.7558174872299999,1.4333172348329999,0.0,0.0,0.0
330,Porto,Sep-19 to Feb-20,Female,25-34,987.6202470000001,2.3327590234140003,0.0,0.0,0.0,0.0,0.0,877.8620584699021,92.287186360668,8.019476405639997,2.1826407458699997,4.1391164551770006,0.0,0.0,0.0
331,Porto,Sep-19 to Feb-20,Female,35-44,891.1595570000001,2.1049188736340003,0.0,0.0,0.0,0.0,0.0,792.121430792362,83.27351364430801,7.236215602839998,1.96946262097,3.7348497033870007,0.0,0.0,0.0
332,Porto,Sep-19 to Feb-20,Female,45-54,3870.204082,9.141422041684002,0.0,0.0,0.0,0.0,0.0,3440.0928215510125,361.647350238408,31.42605714583999,8.55315102122,16.220025307662002,0.0,0.0,0.0
333,Porto,Sep-19 to Feb-20,Female,55-64,6762.320820999999,15.972601779202002,0.0,0.0,0.0,0.0,0.0,6010.797058878986,631.8983067975239,54.91004506651998,14.944729014409997,28.340886560811,0.0,0.0,0.0
334,Porto,Sep-19 to Feb-20,Female,65+,11774.918453,27.812357385986004,0.0,0.0,0.0,0.0,0.0,10466.324665644299,1100.295479922132,95.61233783835996,26.02256978113,49.348683236523,0.0,0.0,0.0
335,Porto,Sep-19 to Feb-20,Male,15-24,27.958507,0.06603799353400001,0.0,0.0,0.0,0.0,0.0,24.851366283062003,2.612554728108,0.22702307683999992,0.061788300469999995,0.11717410283700001,0.0,0.0,0.0
336,Porto,Sep-19 to Feb-20,Male,25-34,3898.766393,9.208886220266,0.0,0.0,0.0,0.0,0.0,3465.480888680338,364.316326827492,31.657983111159986,8.616273728529999,16.339729953063,0.0,0.0,0.0
337,Porto,Sep-19 to Feb-20,Male,35-44,1425.3012410000001,3.366561531242001,0.0,0.0,0.0,0.0,0.0,1266.9018128827063,133.185849164004,11.573446076919996,3.1499157426099997,5.973437501031001,0.0,0.0,0.0
338,Porto,Sep-19 to Feb-20,Male,45-54,3409.9676770000005,8.054343653074003,0.0,0.0,0.0,0.0,0.0,3031.0043291842826,318.64101960958806,27.688937537239994,7.536028566170001,14.291174534307004,0.0,0.0,0.0
339,Porto,Sep-19 to Feb-20,Male,55-64,897.575261,2.120072766482,0.0,0.0,0.0,0.0,0.0,797.824131944026,83.87302268888399,7.288311119319997,1.9836413268099997,3.7617379188510003,0.0,0.0,0.0
340,Porto,Sep-19 to Feb-20,Male,65+,13509.241837,31.908829218994004,0.0,0.0,0.0,0.0,0.0,12007.905754686843,1262.357594216628,109.69504371643995,29.855424459769996,56.617232538867,0.0,0.0,0.0
341,Porto,Sep-20 to Jan-21,Female,15-24,677.336777,1.5998694672740001,0.0,0.0,0.0,0.0,0.0,602.061631624882,63.293057789988,5.499974629239998,1.4969142771699997,2.838718432407,0.0,0.0,0.0
342,Porto,Sep-20 to Jan-21,Female,25-34,415.00416,0.9802398259200001,0.0,0.0,0.0,0.0,0.0,368.88308768256,38.77964872704,3.369833779199999,0.9171591935999999,1.7392824345600002,0.0,0.0,0.0
343,Porto,Sep-20 to Jan-21,Female,35-44,654.807128,1.5466544363360004,0.0,0.0,0.0,0.0,0.0,582.0357926368481,61.187797268832,5.3170338793599985,1.4471237528799998,2.7442966734480003,0.0,0.0,0.0
344,Porto,Sep-20 to Jan-21,Female,45-54,1198.805374,2.8315782933880005,0.0,0.0,0.0,0.0,0.0,1065.5773375658841,112.02116936805601,9.734299636879996,2.6493598765399997,5.024193322434001,0.0,0.0,0.0
345,Porto,Sep-20 to Jan-21,Female,55-64,2237.0540539999997,5.283921675548,0.0,0.0,0.0,0.0,0.0,1988.4412887627639,209.03927902197597,18.164878918479992,4.9438894593399985,9.375493540314,0.0,0.0,0.0
346,Porto,Sep-20 to Jan-21,Female,65+,7867.453847,18.582925986614004,0.0,0.0,0.0,0.0,0.0,6993.112231167502,735.1663572790679,63.88372523763997,17.387073001869997,32.972499072777,0.0,0.0,0.0
347,Porto,Sep-20 to Jan-21,Male,25-34,910.283068,2.1500886066160003,0.0,0.0,0.0,0.0,0.0,809.119669520888,85.060491006192,7.3914985121599965,2.01172558028,3.814996337988,0.0,0.0,0.0
348,Porto,Sep-20 to Jan-21,Male,35-44,857.3222289999999,2.024995104898,0.0,0.0,0.0,0.0,0.0,762.044580402314,80.11161836667598,6.961456499479996,1.8946821260899995,3.5930374617389997,0.0,0.0,0.0
349,Porto,Sep-20 to Jan-21,Male,45-54,1637.997776,3.8689507469120006,0.0,0.0,0.0,0.0,0.0,1455.960531162016,153.06106418054398,13.300541941119995,3.619975084959999,6.864848679216,0.0,0.0,0.0
350,Porto,Sep-20 to Jan-21,Male,55-64,283.036268,0.6685316650160001,0.0,0.0,0.0,0.0,0.0,251.58131539208802,26.448041026992,2.2982544961599993,0.62551015228,1.1862049991880002,0.0,0.0,0.0
351,Porto,Sep-20 to Jan-21,Male,65+,6940.273923000001,16.392927006126005,0.0,0.0,0.0,0.0,0.0,6168.9735208413185,648.526956460812,56.35502425475998,15.33800536983,29.086688011293006,0.0,0.0,0.0
352,Pvoa de varzim,Sep-19 to Feb-20,Female,35-44,176.362802,3.945764969145998,0.0,0.0,0.0,0.0,0.0,49.358833758541984,24.956218297009997,97.09654064109998,0.0,0.9733463042379998,0.0,0.0,0.0
353,Pvoa de varzim,Sep-19 to Feb-20,Female,45-54,388.604836,8.694255995827996,0.0,0.0,0.0,0.0,0.0,108.75922405615596,54.989527318179995,213.94639245979994,0.0,2.1447100898839997,0.0,0.0,0.0
354,Pvoa de varzim,Sep-19 to Feb-20,Male,25-34,154.871189,3.464933111496998,0.0,0.0,0.0,0.0,0.0,43.34395453661899,21.915047599444996,85.26433310394998,0.0,0.8547340920909998,0.0,0.0,0.0
355,Pvoa de varzim,Sep-19 to Feb-20,Male,35-44,1376.448442,30.795280992865983,0.0,0.0,0.0,0.0,0.0,385.22800191098185,194.77433678520998,757.8036897430998,0.0,7.596618951397999,0.0,0.0,0.0
356,Pvoa de varzim,Sep-20 to Jan-21,Female,25-34,11.574446,0.2589550803579999,0.0,0.0,0.0,0.0,0.0,3.239351776465999,1.6378419812299998,6.372311245299999,0.0,0.063879367474,0.0,0.0,0.0
357,Pvoa de varzim,Sep-20 to Jan-21,Female,35-44,181.69348100000002,4.065028250412999,0.0,0.0,0.0,0.0,0.0,50.85073622095099,25.710536028905,100.03134596454998,0.0,1.0027663216390001,0.0,0.0,0.0
358,Pvoa de varzim,Sep-20 to Jan-21,Female,45-54,104.82818,2.345320871139999,0.0,0.0,0.0,0.0,0.0,29.338367564779993,14.8337116109,57.71315449899999,0.0,0.57854672542,0.0,0.0,0.0
359,Pvoa de varzim,Sep-20 to Jan-21,Male,25-34,39.465245,0.8829559263849996,0.0,0.0,0.0,0.0,0.0,11.045177583394999,5.584529493725,21.727590634749998,0.0,0.217808687155,0.0,0.0,0.0
360,Pvoa de varzim,Sep-20 to Jan-21,Male,35-44,1042.1303369999998,23.315582029700987,0.0,0.0,0.0,0.0,0.0,291.66205954652685,147.46665333718497,573.7448570353498,0.0,5.751517329902999,0.0,0.0,0.0
361,Santa maria da feira,Sep-19 to Feb-20,Female,25-34,153.751464,7.452025957152,0.0,0.0,0.0,0.18450175679999997,0.0,123.20027934587999,5.711559384672,16.952943923568,0.0,0.192035578536,0.0,0.0,0.0
362,Santa maria da feira,Sep-19 to Feb-20,Female,35-44,860.110131,41.687817829308,0.0,0.0,0.0,1.0321321572,0.0,689.201947419645,31.951371146388002,94.83746326432201,0.0,1.0742775536190001,0.0,0.0,0.0
363,Santa maria da feira,Sep-19 to Feb-20,Female,45-54,67.578262,3.275383202616,0.0,0.0,0.0,0.08109391439999998,0.0,54.15012344928999,2.5103972767759997,7.451314324644001,0.0,0.084405249238,0.0,0.0,0.0
364,Santa maria da feira,Sep-19 to Feb-20,Male,15-24,290.768477,14.092966543236003,0.0,0.0,0.0,0.3489221724,0.0,232.99132677771502,10.801467383596,32.06071381097401,0.0,0.36316982777300005,0.0,0.0,0.0
365,Santa maria da feira,Sep-19 to Feb-20,Male,25-34,734.8977309999999,35.619023226108,0.0,0.0,0.0,0.8818772771999999,0.0,588.869877361645,27.299980911187998,81.031293615522,0.0,0.917887266019,0.0,0.0,0.0
366,Santa maria da feira,Sep-19 to Feb-20,Male,35-44,130.878587,6.343423354716001,0.0,0.0,0.0,0.1570543044,0.0,104.872357370165,4.861877749876,14.430934759794003,0.0,0.16346735516300004,0.0,0.0,0.0
367,Santa maria da feira,Sep-19 to Feb-20,Male,45-54,268.190888,12.998675959584,0.0,0.0,0.0,0.32182906559999996,0.0,214.90001759995997,9.962755107424,29.571263692656,0.0,0.334970419112,0.0,0.0,0.0
368,Santa maria da feira,Sep-20 to Jan-21,Female,15-24,105.28226699999999,5.102820916956,0.0,0.0,0.0,0.12633872039999997,0.0,84.362154135765,3.9110256545159996,11.608633323954,0.0,0.131497551483,0.0,0.0,0.0
369,Santa maria da feira,Sep-20 to Jan-21,Female,25-34,5.514983,0.267300196044,0.0,0.0,0.0,0.0066179796,0.0,4.4191283029849995,0.204870588484,0.608093055546,0.0,0.006888213767000001,0.0,0.0,0.0
370,Santa maria da feira,Sep-20 to Jan-21,Female,35-44,472.485425,22.900423578900003,0.0,0.0,0.0,0.56698251,0.0,378.600208625375,17.5518885679,52.09718793135001,0.0,0.5901342958250001,0.0,0.0,0.0
371,Santa maria da feira,Sep-20 to Jan-21,Female,45-54,55.05125,2.6682239850000005,0.0,0.0,0.0,0.0660615,0.0,44.11229136875,2.045043835,6.070060927500001,0.0,0.06875901125000002,0.0,0.0,0.0
372,Santa maria da feira,Sep-20 to Jan-21,Male,15-24,951.633743,46.123784255724004,0.0,0.0,0.0,1.1419604916,0.0,762.539360097185,35.351290284964,104.92903977066601,0.0,1.188590545007,0.0,0.0,0.0
373,Santa maria da feira,Sep-20 to Jan-21,Male,25-34,356.71517,17.289270859560002,0.0,0.0,0.0,0.42805820399999994,0.0,285.83408214515,13.251255135160001,39.33212807454,0.0,0.44553724733000005,0.0,0.0,0.0
374,Santa maria da feira,Sep-20 to Jan-21,Male,35-44,98.005992,4.750154420256001,0.0,0.0,0.0,0.11760719039999999,0.0,78.53171135964,3.6407265908160005,10.806336689904002,0.0,0.12240948400800002,0.0,0.0,0.0
375,Santa maria da feira,Sep-20 to Jan-21,Male,45-54,190.44903100000002,9.230683634508003,0.0,0.0,0.0,0.2285388372,0.0,152.605856295145,7.074800603588001,20.999291056122004,0.0,0.23787083971900005,0.0,0.0,0.0
376,Santa maria da feira,Sep-20 to Jan-21,Male,55-64,66.3251,3.2146449468000005,0.0,0.0,0.0,0.07959012,0.0,53.145971004500005,2.4638448148000003,7.313138176200002,0.0,0.08284004990000002,0.0,0.0,0.0
377,Santo tirso,Sep-19 to Feb-20,Female,35-44,42.763319,21.291899293419,0.0,5.098456707775001,0.0,0.815026096821,0.0,4.676639329159,0.0,0.0,0.207658677064,1.207507838603,9.362472771903,0.0,0.103829338532
378,Santo tirso,Sep-19 to Feb-20,Male,35-44,11.84607,5.89817009907,0.0,1.41234769575,0.0,0.22577424812999997,0.0,1.29549806127,0.0,0.0,0.05752451592,0.33449747858999995,2.5935430275899996,0.0,0.02876225796
379,Santo tirso,Sep-19 to Feb-20,Male,55-64,42.605596999999996,21.213369351896997,0.0,5.079652302325,0.0,0.8120200732229998,0.0,4.6593906935169995,0.0,0.0,0.20689277903199998,1.2030542424889998,9.327941590388999,0.0,0.10344638951599999
380,Santo tirso,Sep-20 to Jan-21,Female,25-34,42.254964,21.038788830564,0.0,5.037848082900001,0.0,0.805337358876,0.0,4.621045118004,0.0,0.0,0.20519010518400002,1.193153418468,9.251175053268,0.0,0.10259505259200001
381,Santo tirso,Sep-20 to Jan-21,Female,35-44,29.620199,14.747926702298999,0.0,3.5314682257750003,0.0,0.564531372741,0.0,3.239294582839,0.0,0.0,0.143835686344,0.836385559163,6.484957508462999,0.0,0.071917843172
382,Santo tirso,Sep-20 to Jan-21,Male,25-34,13.274129,6.609202103229,0.0,1.5826080300250003,0.0,0.252991624611,0.0,1.451672021569,0.0,0.0,0.064459170424,0.37482158057299997,2.906197980873,0.0,0.032229585212
383,Seixal,Sep-19 to Feb-20,Female,15-24,1659.21487,1643.0773461743802,0.0,0.0,8.35746530019,2.74434139498,0.0,0.0,0.0,0.0,0.0,0.0,0.0,0.0,0.0
384,Seixal,Sep-19 to Feb-20,Female,25-34,526.222318,521.1042797351321,0.0,0.0,2.650581815766,0.870371713972,0.0,0.0,0.0,0.0,0.0,0.0,0.0,0.0,0.0
385,Seixal,Sep-19 to Feb-20,Female,35-44,430.854109,426.66362193586605,0.0,0.0,2.170212147033,0.712632696286,0.0,0.0,0.0,0.0,0.0,0.0,0.0,0.0,0.0
386,Seixal,Sep-19 to Feb-20,Female,45-54,532.9826469999999,527.798857775278,0.0,0.0,2.6846335929389995,0.8815532981379999,0.0,0.0,0.0,0.0,0.0,0.0,0.0,0.0,0.0
387,Seixal,Sep-19 to Feb-20,Female,55-64,236.728677,234.42625388749804,0.0,0.0,1.192402346049,0.39154923175800005,0.0,0.0,0.0,0.0,0.0,0.0,0.0,0.0,0.0
388,Seixal,Sep-19 to Feb-20,Female,65+,3368.0634909999994,3335.305705486534,0.0,0.0,16.964935804166995,5.570777014113999,0.0,0.0,0.0,0.0,0.0,0.0,0.0,0.0,0.0
389,Seixal,Sep-19 to Feb-20,Male,15-24,37.697725,37.33107692665,0.0,0.0,0.18988344082499997,0.06235203715,0.0,0.0,0.0,0.0,0.0,0.0,0.0,0.0,0.0
390,Seixal,Sep-19 to Feb-20,Male,25-34,1964.138353,1945.0351433787223,0.0,0.0,9.893364884061,3.2486848358620004,0.0,0.0,0.0,0.0,0.0,0.0,0.0,0.0,0.0
391,Seixal,Sep-19 to Feb-20,Male,35-44,98.771815,97.81116032731002,0.0,0.0,0.497513632155,0.16336858201,0.0,0.0,0.0,0.0,0.0,0.0,0.0,0.0,0.0
392,Seixal,Sep-19 to Feb-20,Male,45-54,538.247601,533.0126048326741,0.0,0.0,2.711153166237,0.890261532054,0.0,0.0,0.0,0.0,0.0,0.0,0.0,0.0,0.0
393,Seixal,Sep-19 to Feb-20,Male,55-64,1141.7577880000001,1130.6530517539122,0.0,0.0,5.751033978156,1.8884673813520003,0.0,0.0,0.0,0.0,0.0,0.0,0.0,0.0,0.0
394,Seixal,Sep-20 to Jan-21,Female,15-24,1025.281174,1015.309289301676,0.0,0.0,5.164341273438,1.695815061796,0.0,0.0,0.0,0.0,0.0,0.0,0.0,0.0,0.0
395,Seixal,Sep-20 to Jan-21,Female,25-34,379.832737,376.13848379993806,0.0,0.0,1.913217496269,0.628243346998,0.0,0.0,0.0,0.0,0.0,0.0,0.0,0.0,0.0
396,Seixal,Sep-20 to Jan-21,Female,35-44,333.981558,330.73325336689203,0.0,0.0,1.682265107646,0.552405496932,0.0,0.0,0.0,0.0,0.0,0.0,0.0,0.0,0.0
397,Seixal,Sep-20 to Jan-21,Female,45-54,324.84562400000004,321.6861754609761,0.0,0.0,1.636247408088,0.5372946620960001,0.0,0.0,0.0,0.0,0.0,0.0,0.0,0.0,0.0
398,Seixal,Sep-20 to Jan-21,Female,55-64,221.36348900000002,219.21050770598603,0.0,0.0,1.115007894093,0.36613521080600003,0.0,0.0,0.0,0.0,0.0,0.0,0.0,0.0,0.0
399,Seixal,Sep-20 to Jan-21,Female,65+,4219.519987,4178.480935606438,0.0,0.0,21.253722174518998,6.979086058498,0.0,0.0,0.0,0.0,0.0,0.0,0.0,0.0,0.0
400,Seixal,Sep-20 to Jan-21,Male,15-24,1631.3407630000002,1615.4743427390624,0.0,0.0,8.217063423231,2.6982376220020003,0.0,0.0,0.0,0.0,0.0,0.0,0.0,0.0,0.0
401,Seixal,Sep-20 to Jan-21,Male,25-34,924.934533,915.9386197320421,0.0,0.0,4.658895242721,1.529841717582,0.0,0.0,0.0,0.0,0.0,0.0,0.0,0.0,0.0
402,Seixal,Sep-20 to Jan-21,Male,35-44,138.548953,137.20142588312203,0.0,0.0,0.697871076261,0.22915996826200002,0.0,0.0,0.0,0.0,0.0,0.0,0.0,0.0,0.0
403,Seixal,Sep-20 to Jan-21,Male,45-54,278.12157,275.41655961018006,0.0,0.0,1.4008983480900001,0.46001307678000003,0.0,0.0,0.0,0.0,0.0,0.0,0.0,0.0,0.0
404,Seixal,Sep-20 to Jan-21,Male,55-64,1118.729895,1107.84912804123,0.0,0.0,5.635042481115,1.85037924633,0.0,0.0,0.0,0.0,0.0,0.0,0.0,0.0,0.0
405,Seixal,Sep-20 to Jan-21,Male,65+,148.167257,146.72618225841802,0.0,0.0,0.746318473509,0.24506864307800003,0.0,0.0,0.0,0.0,0.0,0.0,0.0,0.0,0.0
406,Sesimbra,Sep-19 to Feb-20,Female,35-44,186.003027,183.94973958494697,0.0,0.0,1.3764223998,0.0,0.0,0.19530317835000002,0.0,0.0,0.0,0.0,0.0,0.0,0.0
407,Sesimbra,Sep-19 to Feb-20,Female,45-54,130.390426,128.95104608738598,0.0,0.0,0.9648891524,0.0,0.0,0.1369099473,0.0,0.0,0.0,0.0,0.0,0.0,0.0
408,Sesimbra,Sep-19 to Feb-20,Female,65+,67.916045,67.16631977924499,0.0,0.0,0.502578733,0.0,0.0,0.07131184725,0.0,0.0,0.0,0.0,0.0,0.0,0.0
409,Sesimbra,Sep-19 to Feb-20,Male,25-34,110.87006699999999,109.64617233038697,0.0,0.0,0.8204384958,0.0,0.0,0.11641357035000001,0.0,0.0,0.0,0.0,0.0,0.0,0.0
410,Sesimbra,Sep-19 to Feb-20,Male,35-44,191.243758,189.132618155438,0.0,0.0,1.4152038092,0.0,0.0,0.20080594590000003,0.0,0.0,0.0,0.0,0.0,0.0,0.0
411,Sesimbra,Sep-20 to Jan-21,Female,15-24,326.970181,323.360757171941,0.0,0.0,2.4195793394000003,0.0,0.0,0.3433186900500001,0.0,0.0,0.0,0.0,0.0,0.0,0.0
412,Sesimbra,Sep-20 to Jan-21,Female,35-44,111.245333,110.01729576901299,0.0,0.0,0.8232154642,0.0,0.0,0.11680759965000002,0.0,0.0,0.0,0.0,0.0,0.0,0.0
413,Sesimbra,Sep-20 to Jan-21,Female,45-54,324.33721099999997,320.75685252777095,0.0,0.0,2.4000953614,0.0,0.0,0.34055407155,0.0,0.0,0.0,0.0,0.0,0.0,0.0
414,Sesimbra,Sep-20 to Jan-21,Female,55-64,137.655749,136.13616718678898,0.0,0.0,1.0186525426,0.0,0.0,0.14453853645,0.0,0.0,0.0,0.0,0.0,0.0,0.0
415,Sesimbra,Sep-20 to Jan-21,Male,25-34,98.7082,97.61856018019999,0.0,0.0,0.7304406800000001,0.0,0.0,0.10364361000000002,0.0,0.0,0.0,0.0,0.0,0.0,0.0
416,Sesimbra,Sep-20 to Jan-21,Male,35-44,112.85211399999999,111.60633951355398,0.0,0.0,0.8351056436,0.0,0.0,0.1184947197,0.0,0.0,0.0,0.0,0.0,0.0,0.0
417,Sesimbra,Sep-20 to Jan-21,Male,45-54,51.372116999999996,50.80502020043699,0.0,0.0,0.3801536658,0.0,0.0,0.053940722850000004,0.0,0.0,0.0,0.0,0.0,0.0,0.0
418,Setbal,Sep-19 to Feb-20,Female,25-34,331.657285,325.372047791965,0.8858566082349998,4.49196626804,0.0,0.62086243752,0.0,0.0,0.0,0.0,0.0,0.0,0.0,0.0,0.0
419,Setbal,Sep-19 to Feb-20,Female,35-44,105.17515900000001,103.181984561791,0.28092284968899994,1.424492353496,0.0,0.19688789764800002,0.0,0.0,0.0,0.0,0.0,0.0,0.0,0.0,0.0
420,Setbal,Sep-19 to Feb-20,Female,45-54,740.2669940000001,726.238194196706,1.9772531409739997,10.026176166736,0.0,1.385779812768,0.0,0.0,0.0,0.0,0.0,0.0,0.0,0.0,0.0
421,Setbal,Sep-19 to Feb-20,Female,65+,442.945625,434.551362460625,1.1831077643749996,5.999255545,0.0,0.82919421,0.0,0.0,0.0,0.0,0.0,0.0,0.0,0.0,0.0
422,Setbal,Sep-19 to Feb-20,Male,25-34,310.902223,305.01031497192696,0.8304198376329998,4.210859708311999,0.0,0.582008961456,0.0,0.0,0.0,0.0,0.0,0.0,0.0,0.0,0.0
423,Setbal,Sep-19 to Feb-20,Male,35-44,219.090928,214.93893582347198,0.5851918686879999,2.9673675288319994,0.0,0.41013821721599997,0.0,0.0,0.0,0.0,0.0,0.0,0.0,0.0,0.0
424,Setbal,Sep-19 to Feb-20,Male,45-54,292.351649,286.811292899801,0.7808712544789999,3.9596107340559996,0.0,0.547282286928,0.0,0.0,0.0,0.0,0.0,0.0,0.0,0.0,0.0
425,Setbal,Sep-19 to Feb-20,Male,55-64,2306.435434,2262.7261760902657,6.160489044213999,31.238361518095996,0.0,4.317647132448,0.0,0.0,0.0,0.0,0.0,0.0,0.0,0.0,0.0
426,Setbal,Sep-20 to Jan-21,Female,15-24,550.2250799999999,539.79776450892,1.4696511886799994,7.452248483519998,0.0,1.03002134976,0.0,0.0,0.0,0.0,0.0,0.0,0.0,0.0,0.0
427,Setbal,Sep-20 to Jan-21,Female,25-34,207.029232,203.105821024368,0.5529750786719999,2.8040039182079997,0.0,0.387558722304,0.0,0.0,0.0,0.0,0.0,0.0,0.0,0.0,0.0
428,Setbal,Sep-20 to Jan-21,Female,35-44,52.058988,51.072418118411996,0.13904955694799997,0.7050869334719999,0.0,0.09745442553599999,0.0,0.0,0.0,0.0,0.0,0.0,0.0,0.0,0.0
429,Setbal,Sep-20 to Jan-21,Female,45-54,586.863611,575.7419587079389,1.5675127049809996,7.948480747383999,0.0,1.098608679792,0.0,0.0,0.0,0.0,0.0,0.0,0.0,0.0,0.0
430,Setbal,Sep-20 to Jan-21,Female,65+,543.328358,533.031742287542,1.4512300442179995,7.358839280751999,0.0,1.017110686176,0.0,0.0,0.0,0.0,0.0,0.0,0.0,0.0,0.0
431,Setbal,Sep-20 to Jan-21,Male,25-34,193.71344,190.04237659855997,0.5174085982399999,2.6236548313599997,0.0,0.36263155968,0.0,0.0,0.0,0.0,0.0,0.0,0.0,0.0,0.0
432,Setbal,Sep-20 to Jan-21,Male,35-44,98.191236,96.330413886564,0.26226879135599995,1.329902100384,0.0,0.183813993792,0.0,0.0,0.0,0.0,0.0,0.0,0.0,0.0,0.0
433,Setbal,Sep-20 to Jan-21,Male,45-54,224.709442,220.45097336465798,0.6001989195819999,3.0434646824479996,0.0,0.42065607542399996,0.0,0.0,0.0,0.0,0.0,0.0,0.0,0.0,0.0
434,Setbal,Sep-20 to Jan-21,Male,55-64,395.212643,387.722968202507,1.0556129694529999,5.352760036792,0.0,0.739838067696,0.0,0.0,0.0,0.0,0.0,0.0,0.0,0.0,0.0
435,Sintra,Sep-19 to Feb-20,Female,15-24,809.491342,788.178244456482,1.8359263636560004,11.30859404774,0.0,6.845868279294,0.0,0.0,0.0,0.0,0.0,0.0,0.0,0.0,0.0
436,Sintra,Sep-19 to Feb-20,Female,25-34,702.87631,684.37027963401,1.5941234710800003,9.8191820507,0.0,5.944224953669999,0.0,0.0,0.0,0.0,0.0,0.0,0.0,0.0,0.0
437,Sintra,Sep-19 to Feb-20,Female,35-44,1067.548506,1039.4410213855263,2.4212000116080006,14.913652628820001,0.0,9.028257715242,0.0,0.0,0.0,0.0,0.0,0.0,0.0,0.0,0.0
438,Sintra,Sep-19 to Feb-20,Female,45-54,628.884637,612.3267333924271,1.4263103567160003,8.78551837889,0.0,5.3184773751089995,0.0,0.0,0.0,0.0,0.0,0.0,0.0,0.0,0.0
439,Sintra,Sep-19 to Feb-20,Female,55-64,575.9244669999999,560.760951708357,1.3061966911560001,8.045664803989999,0.0,4.870593217418999,0.0,0.0,0.0,0.0,0.0,0.0,0.0,0.0,0.0
440,Sintra,Sep-19 to Feb-20,Female,65+,341.166005,332.183445254355,0.7737644993400001,4.7660890898499995,0.0,2.885240904285,0.0,0.0,0.0,0.0,0.0,0.0,0.0,0.0,0.0
441,Sintra,Sep-19 to Feb-20,Male,15-24,1039.44849,1012.0808507067901,2.3574691753200003,14.5210954053,0.0,8.79061587993,0.0,0.0,0.0,0.0,0.0,0.0,0.0,0.0,0.0
442,Sintra,Sep-19 to Feb-20,Male,25-34,514.157731,500.62047210050105,1.1661097339080002,7.18278350207,0.0,4.348231931067,0.0,0.0,0.0,0.0,0.0,0.0,0.0,0.0,0.0
443,Sintra,Sep-19 to Feb-20,Male,35-44,560.391065,545.6365286496151,1.2709669354200004,7.82866317805,0.0,4.739227236705,0.0,0.0,0.0,0.0,0.0,0.0,0.0,0.0,0.0
444,Sintra,Sep-19 to Feb-20,Male,45-54,724.617493,705.539039026803,1.6434324741240003,10.122906377209999,0.0,6.128090138300999,0.0,0.0,0.0,0.0,0.0,0.0,0.0,0.0,0.0
445,Sintra,Sep-19 to Feb-20,Male,55-64,822.201267,800.5535298411571,1.8647524735560004,11.48615169999,0.0,6.953356115019,0.0,0.0,0.0,0.0,0.0,0.0,0.0,0.0,0.0
446,Sintra,Sep-19 to Feb-20,Male,65+,371.207607,361.43408191529704,0.8418988526760002,5.18577026979,0.0,3.1393027323989995,0.0,0.0,0.0,0.0,0.0,0.0,0.0,0.0,0.0
447,Sintra,Sep-20 to Jan-21,Female,15-24,594.4582429999999,578.806751920053,1.348231295124,8.304581654709999,0.0,5.0273333610509985,0.0,0.0,0.0,0.0,0.0,0.0,0.0,0.0,0.0
448,Sintra,Sep-20 to Jan-21,Female,25-34,203.35818899999998,198.003971241819,0.46121637265200005,2.84091390033,0.0,1.7198002043729996,0.0,0.0,0.0,0.0,0.0,0.0,0.0,0.0,0.0
449,Sintra,Sep-20 to Jan-21,Female,35-44,491.407433,478.4691666965431,1.1145120580440002,6.86496183901,0.0,4.155832660881,0.0,0.0,0.0,0.0,0.0,0.0,0.0,0.0,0.0
450,Sintra,Sep-20 to Jan-21,Female,45-54,363.386502,353.81889878884203,0.8241605865360002,5.07650943294,0.0,3.0731596474139997,0.0,0.0,0.0,0.0,0.0,0.0,0.0,0.0,0.0
451,Sintra,Sep-20 to Jan-21,Female,55-64,446.94795,435.18025742445,1.0136779506000002,6.243862861499999,0.0,3.7798388131499996,0.0,0.0,0.0,0.0,0.0,0.0,0.0,0.0,0.0
452,Sintra,Sep-20 to Jan-21,Female,65+,390.656267,380.37067814615705,0.8860084135560002,5.45746804999,0.0,3.3037800500189998,0.0,0.0,0.0,0.0,0.0,0.0,0.0,0.0,0.0
453,Sintra,Sep-20 to Jan-21,Male,15-24,305.86834300000004,297.8151353971531,0.6937094019240002,4.2729807517100005,0.0,2.586728576751,0.0,0.0,0.0,0.0,0.0,0.0,0.0,0.0,0.0
454,Sintra,Sep-20 to Jan-21,Male,25-34,651.750341,634.590406271811,1.4781697733880004,9.10495226377,0.0,5.511852633837,0.0,0.0,0.0,0.0,0.0,0.0,0.0,0.0,0.0
455,Sintra,Sep-20 to Jan-21,Male,35-44,379.33065600000003,369.34325915817607,0.8603219278080002,5.29924926432,0.0,3.207999357792,0.0,0.0,0.0,0.0,0.0,0.0,0.0,0.0,0.0
456,Sintra,Sep-20 to Jan-21,Male,45-54,542.275502,527.997930307842,1.2298808385360003,7.575588762939999,0.0,4.586023920413999,0.0,0.0,0.0,0.0,0.0,0.0,0.0,0.0,0.0
457,Sintra,Sep-20 to Jan-21,Male,55-64,608.485062,592.464258802602,1.3800441206160001,8.50053631614,0.0,5.1459581693339995,0.0,0.0,0.0,0.0,0.0,0.0,0.0,0.0,0.0
458,Sintra,Sep-20 to Jan-21,Male,65+,167.942964,163.521193700844,0.38089464235200005,2.3461632070799996,0.0,1.4202936465479998,0.0,0.0,0.0,0.0,0.0,0.0,0.0,0.0,0.0
459,So joo da madeira,Sep-20 to Jan-21,Female,25-34,34.994699,32.732291709650006,0.0,0.0,0.0,1.6776458700599997,0.03947402047199999,0.23971368815000002,0.0,0.269074240611,0.0,0.0,0.0,0.0,0.0
460,So joo da madeira,Sep-20 to Jan-21,Female,35-44,5.985889,5.598901276150002,0.0,0.0,0.0,0.28696351865999997,0.006752082792,0.041003339650000005,0.0,0.046025500521,0.0,0.0,0.0,0.0,0.0
461,So joo da madeira,Sep-20 to Jan-21,Male,35-44,24.960494,23.34679806290001,0.0,0.0,0.0,1.19660608236,0.028155437231999998,0.17097938390000003,0.0,0.191921238366,0.0,0.0,0.0,0.0,0.0
462,Trofa,Sep-19 to Feb-20,Female,25-34,141.067454,70.91898221687397,0.0,0.0,0.0,0.0,0.0,58.481488000056004,0.8655898977439999,0.0,0.0,10.63084333344,0.0,0.0,0.0
463,Trofa,Sep-19 to Feb-20,Female,35-44,33.109745000000004,16.645295213594995,0.0,0.0,0.0,0.0,0.0,13.726108326180004,0.20316139532,0.0,0.0,2.4951503832000004,0.0,0.0,0.0
464,Trofa,Sep-19 to Feb-20,Male,35-44,20.843524,10.478685664043995,0.0,0.0,0.0,0.0,0.0,8.640974683536001,0.12789586326399996,0.0,0.0,1.5707679686399998,0.0,0.0,0.0
465,Trofa,Sep-19 to Feb-20,Male,45-54,790.439395,397.3783874877449,0.0,0.0,0.0,0.0,0.0,327.68771734878004,4.850136127719999,0.0,0.0,59.567512807199996,0.0,0.0,0.0
466,Trofa,Sep-20 to Jan-21,Female,25-34,47.813025,24.037089871274993,0.0,0.0,0.0,0.0,0.0,19.821558896100004,0.2933807214,0.0,0.0,3.603189564,0.0,0.0,0.0
467,Trofa,Sep-20 to Jan-21,Female,35-44,5.725633,2.878453203722999,0.0,0.0,0.0,0.0,0.0,2.3736413190120005,0.035132484087999995,0.0,0.0,0.43148370288,0.0,0.0,0.0
468,Trofa,Sep-20 to Jan-21,Female,55-64,41.747919,20.987973066788992,0.0,0.0,0.0,0.0,0.0,17.307184292316002,0.25616523098399996,0.0,0.0,3.14612317584,0.0,0.0,0.0
469,Trofa,Sep-20 to Jan-21,Male,25-34,51.031943,25.65533973633299,0.0,0.0,0.0,0.0,0.0,21.156006417852,0.3131320022479999,0.0,0.0,3.84576722448,0.0,0.0,0.0
470,Trofa,Sep-20 to Jan-21,Male,35-44,18.224723,9.162133218512997,0.0,0.0,0.0,0.0,0.0,7.555314065772001,0.111826900328,0.0,0.0,1.37341512528,0.0,0.0,0.0
471,Trofa,Sep-20 to Jan-21,Male,45-54,474.481242,238.5364292719019,0.0,0.0,0.0,0.0,0.0,196.70284160848803,2.9114169009119997,0.0,0.0,35.75690639712,0.0,0.0,0.0
472,Vale de cambra,Sep-20 to Jan-21,Female,35-44,11.664908,8.078543700308002,0.0,0.0,0.0,0.0,0.0,3.26576596822,0.11612415914,0.0,0.203342676256,0.0,0.0,0.0,0.0
473,Vale de cambra,Sep-20 to Jan-21,Male,65+,2458.667434,1702.7525900841342,0.0,0.0,0.0,0.0,0.0,688.34082815981,24.47603430547,0.0,42.859490709488,0.0,0.0,0.0,0.0
474,Valongo,Sep-19 to Feb-20,Female,35-44,923.894241,3.751010618460001,0.0,0.0,0.0,0.0,0.0,223.67756742882298,256.920206114244,3.4525927786170003,41.318398246002005,94.95230672453398,292.785780549864,2.622011855958,4.106709901245
475,Valongo,Sep-19 to Feb-20,Male,15-24,1813.704207,7.363639080420002,0.0,0.0,0.0,0.0,0.0,439.10322962732096,504.3621206993881,6.777812621559001,81.11247954545401,186.40163617021798,574.770118015128,5.147292539466,8.061915200115001
476,Valongo,Sep-19 to Feb-20,Male,25-34,27.625671999999998,0.11216022832000003,0.0,0.0,0.0,0.0,0.0,6.688258068215999,7.682257372448001,0.103237136264,1.235475303184,2.8392008141279996,8.754685959488,0.078401657136,0.12279611204
477,Valongo,Sep-19 to Feb-20,Male,35-44,172.499403,0.7003475761800002,0.0,0.0,0.0,0.0,0.0,41.762622964509,47.96932398385201,0.6446302690110001,7.7145183009660006,17.728453643922,54.665750808312005,0.489553305714,0.766759846335
478,Valongo,Sep-19 to Feb-20,Male,45-54,143.210606,0.5814350603600003,0.0,0.0,0.0,0.0,0.0,34.671717344418,39.82457815890401,0.5351780346220001,6.404664721532002,14.718326821044,45.384013883824004,0.4064316998280001,0.6365711436700001
479,Valongo,Sep-19 to Feb-20,Male,65+,1473.349749,5.981799980940002,0.0,0.0,0.0,0.0,0.0,356.702394282147,409.71499160091605,5.505908012013,65.89114747477801,151.422047103726,466.910428857096,4.1813665876620005,6.549039634305
480,Valongo,Sep-20 to Jan-21,Female,15-24,716.6054740000001,2.909418224440001,0.0,0.0,0.0,0.0,0.0,173.492335071822,199.27651663181607,2.6779546563380006,32.048030008228004,73.648410984876,227.09514113249602,2.0337263352120005,3.1853113319300004
481,Valongo,Sep-20 to Jan-21,Female,25-34,375.43182,1.5242531892000004,0.0,0.0,0.0,0.0,0.0,90.89316991746,104.40158223288003,1.4029887113400001,16.79006185404,38.58462986868,118.97584548528002,1.0654755051600002,1.6687944399
482,Valongo,Sep-20 to Jan-21,Female,35-44,482.568197,1.9592268798200005,0.0,0.0,0.0,0.0,0.0,116.831208198291,134.19449449454802,1.803357352189,21.581414906234002,49.59546387847799,152.92779190208802,1.369528543086,2.145015635665
483,Valongo,Sep-20 to Jan-21,Female,45-54,508.75750999999997,2.0655554906000004,0.0,0.0,0.0,0.0,0.0,123.17171944352998,141.47732341084003,1.90122681487,22.752653362220002,52.28704433273999,161.22728994904,1.44385381338,2.26142713195
484,Valongo,Sep-20 to Jan-21,Female,55-64,548.5501370000001,2.227113556220001,0.0,0.0,0.0,0.0,0.0,132.805633818111,152.54301629750805,2.0499318619690006,24.532259226914004,56.376691780038,173.83773261584804,1.5567852888060003,2.4383053589650006
485,Valongo,Sep-20 to Jan-21,Male,15-24,1970.347331,7.999610163860002,0.0,0.0,0.0,0.0,0.0,477.026999877093,547.9220671938041,7.3631879759470005,88.117873336982,202.50047659619398,624.410950583224,5.5918457253780005,8.758193886295
486,Valongo,Sep-20 to Jan-21,Male,25-34,366.664832,1.4886592179200004,0.0,0.0,0.0,0.0,0.0,88.770655821696,101.96362314188802,1.370226477184,16.397984616704,37.683611443968,116.197551920128,1.040594793216,1.62982517824
487,Valongo,Sep-20 to Jan-21,Male,35-44,104.137265,0.4227972959000001,0.0,0.0,0.0,0.0,0.0,25.211944268295,28.958907200260004,0.38916095930500005,4.657226765330001,10.702603273109998,33.00151582756,0.29554155807000004,0.462890142925
488,Valongo,Sep-20 to Jan-21,Male,45-54,135.788585,0.5513016551000002,0.0,0.0,0.0,0.0,0.0,32.874823794255,37.76063287114001,0.507441942145,6.072737098370001,13.95553603479,43.03194574084001,0.38536800423000006,0.6035802603250001
489,Valongo,Sep-20 to Jan-21,Male,55-64,26.218829,0.10644844574000002,0.0,0.0,0.0,0.0,0.0,6.347657157386999,7.291036843636001,0.09797976397300001,1.172558470538,2.694613931646,8.308851785416,0.07440903670200001,0.11654269490500001
490,Valongo,Sep-20 to Jan-21,Male,65+,1198.556609,4.866139832540001,0.0,0.0,0.0,0.0,0.0,290.174150708727,333.29941605715607,4.479006047833001,53.60184866769801,123.18045693336599,379.82738361853603,3.4015036563420002,5.327584127005
491,Vila do conde,Sep-19 to Feb-20,Female,25-34,335.380123,15.837655548428996,0.0,0.0,0.0,0.0,0.0,75.73117943426101,220.78844871372905,7.021518255128001,0.0,10.499410130638,5.249034305073001,0.0,0.0
492,Vila do conde,Sep-19 to Feb-20,Female,35-44,144.46993899999998,6.822303929396997,0.0,0.0,0.0,0.0,0.0,32.622323515773,95.107883652297,3.0246226429039997,0.0,4.522775910333999,2.261099015289,0.0,0.0
493,Vila do conde,Sep-19 to Feb-20,Male,45-54,76.945089,3.633577937846999,0.0,0.0,0.0,0.0,0.0,17.374739711823,50.654721825747,1.6109223833039998,0.0,2.4088429562339995,1.2042675879390001,0.0,0.0
494,Vila do conde,Sep-20 to Jan-21,Female,25-34,283.342437,13.380279902450997,0.0,0.0,0.0,0.0,0.0,63.98070567165901,186.53084315315104,5.932057261032,0.0,8.870318332721999,4.434592481487001,0.0,0.0
495,Vila do conde,Sep-20 to Jan-21,Female,35-44,9.758835000000001,0.4608414652049999,0.0,0.0,0.0,0.0,0.0,2.2036132548450005,6.424465533705002,0.20431096956000003,0.0,0.30551008851,0.15273552658500003,0.0,0.0
496,Vila do conde,Sep-20 to Jan-21,Female,45-54,76.844212,3.628814223275999,0.0,0.0,0.0,0.0,0.0,17.351960979084,50.58831217647601,1.608810422432,0.0,2.4056849008719996,1.2026887620120001,0.0,0.0
497,Vila do conde,Sep-20 to Jan-21,Male,25-34,13.155082,0.6212224372859998,0.0,0.0,0.0,0.0,0.0,2.970509601174,8.660293047486002,0.275414796752,0.0,0.41183299709199994,0.20589018838200002,0.0,0.0
498,Vila do conde,Sep-20 to Jan-21,Male,35-44,17.975581,0.8488608615629997,0.0,0.0,0.0,0.0,0.0,4.059012018867,11.833738410663,0.37633676381599995,0.0,0.5627435387859998,0.281335818231,0.0,0.0
499,Vila do conde,Sep-20 to Jan-21,Male,55-64,74.179387,3.5029731923009995,0.0,0.0,0.0,0.0,0.0,16.750224840309002,48.833996588001014,1.553019646232,0.0,2.322259889422,1.1609815859370003,0.0,0.0
500,Vila franca de xira,Sep-19 to Feb-20,Female,15-24,1526.0506050000001,1503.3734930097,13.645944509909997,6.052316699430001,0.0,2.2371901869300004,0.0,0.0,0.0,0.0,0.0,0.0,0.0,0.0,0.0
501,Vila franca de xira,Sep-19 to Feb-20,Female,25-34,57.097292,56.24882624088,0.5105639850639998,0.22644786007200005,0.0,0.083704630072,0.0,0.0,0.0,0.0,0.0,0.0,0.0,0.0,0.0
502,Vila franca de xira,Sep-19 to Feb-20,Female,35-44,467.533246,460.58570196444,4.180682285731999,1.8542368536360005,0.0,0.685403738636,0.0,0.0,0.0,0.0,0.0,0.0,0.0,0.0,0.0
503,Vila franca de xira,Sep-19 to Feb-20,Female,45-54,703.039153,692.5919911864199,6.286576106125998,2.788253280798001,0.0,1.0306553982980002,0.0,0.0,0.0,0.0,0.0,0.0,0.0,0.0,0.0
504,Vila franca de xira,Sep-19 to Feb-20,Female,55-64,967.153277,952.7813793037799,8.648284602933996,3.835729896582001,0.0,1.417846704082,0.0,0.0,0.0,0.0,0.0,0.0,0.0,0.0,0.0
505,Vila franca de xira,Sep-19 to Feb-20,Female,65+,598.696931,589.8002946053399,5.3535479570019975,2.3744320283460003,0.0,0.877689700846,0.0,0.0,0.0,0.0,0.0,0.0,0.0,0.0,0.0
506,Vila franca de xira,Sep-19 to Feb-20,Male,25-34,791.983677,780.2147995597799,7.081918039733997,3.1410072629820003,0.0,1.1610480704819999,0.0,0.0,0.0,0.0,0.0,0.0,0.0,0.0,0.0
507,Vila franca de xira,Sep-19 to Feb-20,Male,35-44,137.425488,135.38334524831998,1.2288587136959996,0.5450294854080001,0.0,0.201465765408,0.0,0.0,0.0,0.0,0.0,0.0,0.0,0.0,0.0
508,Vila franca de xira,Sep-19 to Feb-20,Male,45-54,534.709075,526.7632981454999,4.781368548649998,2.12065619145,0.0,0.7838835039500001,0.0,0.0,0.0,0.0,0.0,0.0,0.0,0.0,0.0
509,Vila franca de xira,Sep-19 to Feb-20,Male,55-64,141.556626,139.45309453763997,1.2657993496919995,0.5614135787160001,0.0,0.20752201371600001,0.0,0.0,0.0,0.0,0.0,0.0,0.0,0.0,0.0
510,Vila franca de xira,Sep-19 to Feb-20,Male,65+,4619.763109,4551.11342920026,41.30992172067799,18.321980490294006,0.0,6.772572717794001,0.0,0.0,0.0,0.0,0.0,0.0,0.0,0.0,0.0
511,Vila franca de xira,Sep-20 to Jan-21,Female,15-24,354.397869,349.13151666666,3.169025744597999,1.4055419484540004,0.0,0.5195472759540001,0.0,0.0,0.0,0.0,0.0,0.0,0.0,0.0,0.0
512,Vila franca de xira,Sep-20 to Jan-21,Female,25-34,54.592288,53.781046600319996,0.48816423929599984,0.21651301420800007,0.0,0.08003229420800001,0.0,0.0,0.0,0.0,0.0,0.0,0.0,0.0,0.0
513,Vila franca de xira,Sep-20 to Jan-21,Female,35-44,281.478873,277.29609694722,2.5169840823659992,1.1163452103180003,0.0,0.41264802781800003,0.0,0.0,0.0,0.0,0.0,0.0,0.0,0.0,0.0
514,Vila franca de xira,Sep-20 to Jan-21,Female,45-54,543.432164,535.3567620429599,4.859370410487998,2.1552519624240003,0.0,0.796671552424,0.0,0.0,0.0,0.0,0.0,0.0,0.0,0.0,0.0
515,Vila franca de xira,Sep-20 to Jan-21,Female,55-64,877.417957,864.37952615898,7.845871371493997,3.4798396174620008,0.0,1.286294724962,0.0,0.0,0.0,0.0,0.0,0.0,0.0,0.0,0.0
516,Vila franca de xira,Sep-20 to Jan-21,Female,65+,500.90423200000004,493.46079511248,4.479085642543999,1.9865861841120005,0.0,0.7343256041120001,0.0,0.0,0.0,0.0,0.0,0.0,0.0,0.0,0.0
517,Vila franca de xira,Sep-20 to Jan-21,Male,25-34,226.28318199999998,222.92061391547995,2.0234242134439993,0.8974390998120001,0.0,0.331731144812,0.0,0.0,0.0,0.0,0.0,0.0,0.0,0.0,0.0
518,Vila franca de xira,Sep-20 to Jan-21,Male,35-44,124.491722,122.64177501107999,1.1132049781239997,0.4937341694520001,0.0,0.182504864452,0.0,0.0,0.0,0.0,0.0,0.0,0.0,0.0,0.0
519,Vila franca de xira,Sep-20 to Jan-21,Male,45-54,308.432718,303.84940781052,2.7580053643559994,1.2232441595880004,0.0,0.4521623645880001,0.0,0.0,0.0,0.0,0.0,0.0,0.0,0.0,0.0
520,Vila franca de xira,Sep-20 to Jan-21,Male,55-64,693.873061,683.56210731354,6.2046129114619974,2.7519005599260007,0.0,1.0172179074260002,0.0,0.0,0.0,0.0,0.0,0.0,0.0,0.0,0.0
521,Vila franca de xira,Sep-20 to Jan-21,Male,65+,1733.700675,1707.9378829695,15.502751435849994,6.875856877050001,0.0,2.5416051895500003,0.0,0.0,0.0,0.0,0.0,0.0,0.0,0.0,0.0
522,Vila nova de gaia,Sep-19 to Feb-20,Female,15-24,822.786723,6.746028341876999,0.0,0.0,0.0,0.0,0.0,376.07853256211695,41.233956623145005,393.74294071820407,1.2712054870350002,2.1606379345980002,1.4020285759920001,0.0,0.0
523,Vila nova de gaia,Sep-19 to Feb-20,Female,25-34,1425.0942929999999,11.684348108306995,0.0,0.0,0.0,0.0,0.0,651.3806743501468,71.418600493695,681.9760237265641,2.201770682685,3.7422976134179993,2.4283606752719997,0.0,0.0
524,Vila nova de gaia,Sep-19 to Feb-20,Female,35-44,308.322475,2.5279359725249995,0.0,0.0,0.0,0.0,0.0,140.92772855052496,15.451580834625,147.5471037663,0.47635822387500004,0.8096548193499999,0.5253814974,0.0,0.0
525,Vila nova de gaia,Sep-19 to Feb-20,Female,45-54,4427.626949,36.302113354850995,0.0,0.0,0.0,0.0,0.0,2023.7752982219708,221.89052454913502,2118.8320211900527,6.840683636205001,11.626948368074,7.544676321096,0.0,0.0
526,Vila nova de gaia,Sep-19 to Feb-20,Female,55-64,2097.12862,17.194357555379995,0.0,0.0,0.0,0.0,0.0,958.5534525009798,105.0976007913,1003.5767068437601,3.2400637179,5.507059756119999,3.57350716848,0.0,0.0
527,Vila nova de gaia,Sep-19 to Feb-20,Male,15-24,5240.719161,42.96865640103899,0.0,0.0,0.0,0.0,0.0,2395.4226733907185,262.638640753515,2507.9356730582285,8.096911103745,13.762128516786,8.930185450344,0.0,0.0
528,Vila nova de gaia,Sep-19 to Feb-20,Male,25-34,282.736504,2.318156596296,0.0,0.0,0.0,0.0,0.0,129.232918511816,14.16933989796,135.30298851619204,0.4368278986800001,0.742466059504,0.48178300281600006,0.0,0.0
529,Vila nova de gaia,Sep-19 to Feb-20,Male,35-44,883.557355,7.244286753644999,0.0,0.0,0.0,0.0,0.0,403.8555122660449,44.279476845825,422.82460512054007,1.3650961134750002,2.32022161423,1.50558173292,0.0,0.0
530,Vila nova de gaia,Sep-19 to Feb-20,Male,45-54,1788.376244,14.662896824555997,0.0,0.0,0.0,0.0,0.0,817.4292252312758,89.62447546806,855.8238748137122,2.7630412969800004,4.696276016744,3.0473931197760002,0.0,0.0
531,Vila nova de gaia,Sep-19 to Feb-20,Male,55-64,21.943108,0.17991154249199995,0.0,0.0,0.0,0.0,0.0,10.029733861531998,1.0996788574199998,10.500830447184,0.03390210186,0.05762260160799999,0.037391056032,0.0,0.0
532,Vila nova de gaia,Sep-20 to Jan-21,Female,15-24,192.148169,1.5754228376309996,0.0,0.0,0.0,0.0,0.0,87.82689293835098,9.629505489435,91.95212197861201,0.296868921105,0.504581091794,0.327420479976,0.0,0.0
533,Vila nova de gaia,Sep-20 to Jan-21,Female,25-34,439.988329,3.6074643094709993,0.0,0.0,0.0,0.0,0.0,201.10942543099097,22.050015107835,210.55553486629205,0.6797819683050002,1.155409351954,0.749740112616,0.0,0.0
534,Vila nova de gaia,Sep-20 to Jan-21,Female,35-44,439.588499,3.604186103300999,0.0,0.0,0.0,0.0,0.0,200.92667153442096,22.029977627385,210.36419701945204,0.6791642309550001,1.154359398374,0.749058802296,0.0,0.0
535,Vila nova de gaia,Sep-20 to Jan-21,Female,45-54,1251.779779,10.263342408020996,0.0,0.0,0.0,0.0,0.0,572.1622496055409,62.732943624585,599.036709680892,1.9339997585550002,3.2871736996539997,2.133032743416,0.0,0.0
536,Vila nova de gaia,Sep-20 to Jan-21,Female,55-64,1075.529529,8.818266608270998,0.0,0.0,0.0,0.0,0.0,491.60196158579083,53.90016234583499,514.6925050438921,1.661693122305,2.8243405431539994,1.8327023174159998,0.0,0.0
537,Vila nova de gaia,Sep-20 to Jan-21,Female,65+,1653.1527130000002,13.554199093886998,0.0,0.0,0.0,0.0,0.0,755.621388905327,82.84774821199501,791.1129245007243,2.5541209415850004,4.341179024338,2.8169722229520002,0.0,0.0
538,Vila nova de gaia,Sep-20 to Jan-21,Male,15-24,4452.188395,36.50349265060499,0.0,0.0,0.0,0.0,0.0,2035.0018193982046,223.121421415425,2130.5858520504603,6.878631070275,11.69144672527,7.58652902508,0.0,0.0
539,Vila nova de gaia,Sep-20 to Jan-21,Male,25-34,363.46196499999996,2.980024651034999,0.0,0.0,0.0,0.0,0.0,166.13083150023496,18.214896375974998,173.93399642682002,0.561548735925,0.9544511200899999,0.6193391883599999,0.0,0.0
540,Vila nova de gaia,Sep-20 to Jan-21,Male,35-44,214.023515,1.7547787994849995,0.0,0.0,0.0,0.0,0.0,97.82565421268498,10.725788454225,102.42052505622001,0.33066633067500006,0.56202575039,0.36469606956,0.0,0.0
541,Vila nova de gaia,Sep-20 to Jan-21,Male,45-54,1443.335763,11.833909920836998,0.0,0.0,0.0,0.0,0.0,659.7184672162768,72.332771762745,690.7054427121242,2.2299537538350003,3.790199713638,2.459444140152,0.0,0.0
542,Vila nova de gaia,Sep-20 to Jan-21,Male,55-64,374.627538,3.0715711840619995,0.0,0.0,0.0,0.0,0.0,171.23438044150197,18.77445906687,179.27725905482404,0.5787995462100001,0.983771914788,0.638365324752,0.0,0.0
